ginlet,stent_count,start_node,inlet_node,iop
0.0,1,34,37,14.932708234814555
0.0,1,35,38,14.931908721482394
0.0,1,36,39,14.930933170322705
0.0,1,37,40,15.52376386811976
0.0,1,38,41,14.930813660278591
0.0,1,39,42,14.931669633636686
0.0,1,40,43,14.932349510678709
0.0,1,41,44,14.932853214981858
0.0,2,34,37,13.025326862364416
0.0,2,35,38,13.024939777143015
0.0,2,36,39,13.024415035113865
0.0,2,37,40,13.29762586659924
0.0,2,38,41,13.023822526876842
0.0,2,39,42,13.023754212455156
0.0,2,40,43,13.02354762312622
0.0,2,41,44,13.023202772994829
0.0,3,34,37,12.056323989426492
0.0,3,35,38,12.056051731505622
0.0,3,36,39,12.055673566585252
0.0,3,37,40,12.40440720507905
0.0,3,38,41,12.055601110285611
0.0,3,39,42,12.055906795429728
0.0,3,40,43,12.056106554789368
0.0,3,41,44,12.056200361802805
0.0,4,34,37,11.65047178684729
0.0,4,35,38,11.650369144418981
0.0,4,36,39,11.650170264982584
0.0,4,37,40,11.922966025600623
0.0,4,38,41,11.650104033692411
0.0,4,39,42,11.650236667331228
0.0,4,40,43,11.65027305261951
0.0,4,41,44,11.650213172905755
0.3,1,34,37,17.90067080965094
0.3,1,35,38,17.90037012769828
0.3,1,36,39,17.89985952325013
0.3,1,37,40,17.89913910465429
0.3,1,38,41,17.899683331548744
0.3,1,39,42,17.90001766885168
0.3,1,40,43,17.900142009166895
0.3,1,41,44,17.90005624163129
0.3,2,34,37,15.309860060277288
0.3,2,35,38,15.309666459568053
0.3,2,36,39,15.309284309537102
0.3,2,37,40,15.3087132369416
0.3,2,38,41,15.308656926539754
0.3,2,39,42,15.308411857987585
0.3,2,40,43,15.307977992283632
0.3,2,41,44,15.307355330622102
0.3,3,34,37,13.856256685696437
0.3,3,35,38,13.856132769105681
0.3,3,36,39,13.855868773454448
0.3,3,37,40,13.85546474627563
0.3,3,38,41,13.855758034721998
0.3,3,39,42,13.855911262098042
0.3,3,40,43,13.855924389004997
0.3,3,41,44,13.855797384936288
0.3,4,34,37,13.062784667694714
0.3,4,35,38,13.062759608217153
0.3,4,36,39,13.062613253907868
0.3,4,37,40,13.062345632176763
0.3,4,38,41,13.062519031778526
0.3,4,39,42,13.062571146879094
0.3,4,40,43,13.062501955710513
0.3,4,41,44,13.062311444332307
