solver,baseline_mode,count,label,rtm,mean_iop,std_iop,min_iop,max_iop
Old solver,computed baseline from legacy Rtm,0,Baseline,6.71,26.288635910694,0.0,26.288635910694,26.288635910694
Old solver,computed baseline from legacy Rtm,1,1,6.71,18.082690096277496,0.33373218958577944,17.534299327618236,18.587312172592444
Old solver,computed baseline from legacy Rtm,2,2,6.71,15.196936828907166,0.16392939814615634,14.949180612579838,15.528305174726299
Old solver,computed baseline from legacy Rtm,3,3,6.71,13.608769703887543,0.14432470897808872,13.350624558940574,13.819934549274151
Old solver,computed baseline from legacy Rtm,4,4,6.71,12.661803979125143,0.11694243418306298,12.514519324982604,12.935001206496556
Old solver,Rtm calibrated to 25 mmHg baseline,0,Baseline,6.159302562983,25.0,0.0,25.0,25.0
Old solver,Rtm calibrated to 25 mmHg baseline,1,1,6.159302562983,17.707221424103587,0.30117844280524286,17.210694644306827,18.16071535790001
Old solver,Rtm calibrated to 25 mmHg baseline,2,2,6.159302562983,15.059450962149445,0.15633432844705952,14.823585983491679,15.377908790808089
Old solver,Rtm calibrated to 25 mmHg baseline,3,3,6.159302562983,13.556675107923951,0.14028304429493257,13.306027088117734,13.760898496968057
Old solver,Rtm calibrated to 25 mmHg baseline,4,4,6.159302562983,12.644979607060433,0.11578220227476016,12.499801119423676,12.91674076861707
Current solver,computed baseline from legacy Rtm,0,Baseline,6.71,26.288635910694,0.0,26.288635910694,26.288635910694
Current solver,computed baseline from legacy Rtm,1,1,6.71,18.10291336539467,0.33342851312389166,17.55505774613377,18.60712138578458
Current solver,computed baseline from legacy Rtm,2,2,6.71,15.156972945645313,0.13658343792367214,14.966964971189935,15.395425451010933
Current solver,computed baseline from legacy Rtm,3,3,6.71,13.589907605693645,0.13375238910864587,13.365095311411357,13.83492633754669
Current solver,computed baseline from legacy Rtm,4,4,6.71,12.628870540340355,0.08541365109008442,12.498260618345185,12.769384903692288
Current solver,Rtm calibrated to 25 mmHg baseline,0,Baseline,6.159302562983,25.0,0.0,25.0,25.0
Current solver,Rtm calibrated to 25 mmHg baseline,1,1,6.159302562983,17.725236396191757,0.30074739028522735,17.229438957594752,18.17810175467377
Current solver,Rtm calibrated to 25 mmHg baseline,2,2,6.159302562983,15.02100914207717,0.1292166772191495,14.84029608404198,15.24701527761094
Current solver,Rtm calibrated to 25 mmHg baseline,3,3,6.159302562983,13.538013770790943,0.12961248296920178,13.319983749704445,13.775256275885969
Current solver,Rtm calibrated to 25 mmHg baseline,4,4,6.159302562983,12.612178866700356,0.08394232482219417,12.48378354594967,12.75021883131404
