dataset,variant,rtm,min_iop,mean_iop,max_iop,min_reduction,mean_reduction,max_reduction,reduction_range,max_abs_iop_delta_vs_historical,mean_abs_iop_delta_vs_historical,proposal_min_reduction,proposal_max_reduction
Even CC distribution,Historical CSV,6.33,17.945355871710742,18.03971447302028,18.134073074338765,6.865926925661235,6.960285526979723,7.054644128289258,0.18871720262802327,0.0,0.0,4.2,10.0
Even CC distribution,Old solver,6.33,17.94535587171116,18.039714473022023,18.134073074339486,6.8659269256605135,6.960285526977976,7.054644128288839,0.18871720262832525,6.625811010962934e-12,1.889747617648633e-12,4.2,10.0
Even CC distribution,Current solver,6.33,17.963891704829784,18.058135417668254,18.152379130508756,6.847620869491244,6.941864582331745,7.036108295170216,0.18848742567897148,0.01853583316384899,0.01842094464797679,4.2,10.0
Mouse digital-twin CC distribution,Historical CSV,5.558,14.956057186825099,18.42190040850208,20.908513199405277,4.091486800594723,6.57809959149792,10.043942813174901,5.952456012580178,0.0,0.0,4.2,10.0
Mouse digital-twin CC distribution,Old solver,5.558,14.956057186826282,18.421900408505206,20.908513199413672,4.091486800586328,6.578099591494801,10.043942813173718,5.95245601258739,1.0331291377951857e-11,3.2309858492377924e-12,4.2,10.0
Mouse digital-twin CC distribution,Current solver,5.558,13.56768352092638,16.789630784126516,19.298030651085774,5.701969348914226,8.210369215873484,11.43231647907362,5.7303471301593945,2.3208348798077694,1.6322696243755643,4.2,10.0
Human donor CC distribution,Historical CSV,5.226,14.798304998207833,18.441472985216468,20.80336270531319,4.196637294686809,6.558527014783532,10.201695001792167,6.005057707105358,0.0,0.0,4.2,10.0
Human donor CC distribution,Old solver,5.226,14.798304998208607,18.441472985219715,20.803362705322073,4.196637294677927,6.558527014780282,10.201695001791393,6.005057707113465,1.035616037370346e-11,3.5513518052236274e-12,4.2,10.0
Human donor CC distribution,Current solver,5.226,13.185657123550197,16.58541106430254,18.912125175557197,6.087874824442803,8.414588935697461,11.814342876449803,5.726468052007,2.4929089974439798,1.8560619209139293,4.2,10.0
