,Separation,IOP
0,1.0,16.226849961286966
1,1.01,16.216856109684613
2,1.02,16.20716880039432
3,1.03,16.19777095358331
4,1.04,16.188663004541386
5,1.05,16.17984524387227
6,1.06,16.171318146115606
7,1.07,16.163071795786557
8,1.08,16.15512712593397
9,1.09,16.147474266080764
10,1.1,16.140113732578495
11,1.11,16.13303640321943
12,1.12,16.12625325343828
13,1.13,16.119764081529503
14,1.14,16.113568786535577
15,1.15,16.107667704094204
16,1.16,16.102061503979353
17,1.17,16.096556153401536
18,1.18,16.091147772234798
19,1.19,16.045862807382026
20,1.2,16.032525694741704
21,1.21,16.01910799577132
22,1.22,16.005592360370535
23,1.23,15.992006059493306
24,1.24,15.978357445442061
25,1.25,15.96462947872235
26,1.26,15.950838729853903
27,1.27,15.936976770854793
28,1.28,15.923035060920427
29,1.29,15.909030052652833
30,1.3,15.89495328411246
31,1.31,15.880796349788579
32,1.32,15.866576050777596
33,1.33,15.852284178663089
34,1.34,15.837912275684463
35,1.35,15.823477258398977
36,1.36,15.808970395363549
37,1.37,15.794556026039206
38,1.38,15.780226281573121
39,1.39,15.799926809290309
40,1.4,15.79510289171508
41,1.41,15.790564361501463
42,1.42,15.7863114484169
43,1.43,15.782328671225514
44,1.44,15.77861682846087
45,1.45,15.775176136215586
46,1.46,15.772006960417915
47,1.47,15.769117732639085
48,1.48,15.766483908762783
49,1.49,15.764123037583706
50,1.5,15.762036107635424
51,1.51,15.760231040854844
52,1.52,15.758692241137144
53,1.53,15.757435502710683
54,1.54,15.75644491757402
55,1.55,15.755728787046024
56,1.56,15.755287590702142
57,1.57,15.754957793484778
58,1.58,15.754721110089687
59,1.59,15.719245325683449
60,1.6,15.706916673278872
61,1.61,15.69450671289365
62,1.62,15.6820229361039
63,1.63,15.669466550926273
64,1.64,15.65685262175137
65,1.65,15.644165837525332
66,1.66,15.631413559802775
67,1.67,15.618603053664538
68,1.68,15.605726861215292
69,1.69,15.592777060037843
70,1.7,15.579768506515489
71,1.71,15.566686269433934
72,1.72,15.553545121229908
73,1.73,15.540330281768618
74,1.74,15.527056524159047
75,1.75,15.513709060138286
76,1.76,15.500308490252328
77,1.77,15.486990425131307
78,1.78,15.473741740907718
79,1.79,15.491423552956533
80,1.8,15.491458415109909
81,1.81,15.491765222095973
82,1.82,15.492330337435302
83,1.83,15.493155142928293
84,1.84,15.494225049022072
85,1.85,15.495540152739983
86,1.86,15.497108318398343
87,1.87,15.498929899778128
88,1.88,15.501012096424972
89,1.89,15.503340955384687
90,1.9,15.505924282303337
91,1.91,15.508762069307219
92,1.92,15.511861306897572
93,1.93,15.515208046290647
94,1.94,15.518809198519966
95,1.95,15.52267165704323
96,1.96,15.526782068234073
97,1.97,15.530996689337513
98,1.98,15.53529934609595
99,1.99,15.507137346914423
100,2.0,15.495218945131336
101,2.01,15.483220360532892
102,2.02,15.471148394906782
103,2.03,15.459023911370782
104,2.04,15.446833565392655
105,2.05,15.434590391418283
106,2.06,15.422280924269463
107,2.07,15.40991821273301
108,2.08,15.39748897480455
109,2.09,15.385006026932611
110,2.1,15.372456073133808
111,2.11,15.359845688446148
112,2.12,15.347181129745579
113,2.13,15.334449531388042
114,2.14,15.321663639318128
115,2.15,15.308817013110081
116,2.16,15.295907754767626
117,2.17,15.283083821595955
118,2.18,15.270333097156449
119,2.19,15.286689844894426
120,2.2,15.290780870065944
121,2.21,15.295122443748648
122,2.22,15.299702619624219
123,2.23,15.304508696460735
124,2.24,15.309541142934503
125,2.25,15.31481739140187
126,2.26,15.320320069545582
127,2.27,15.32605547474605
128,2.28,15.332023643967698
129,2.29,15.338230574096915
130,2.3,15.344664682495738
131,2.31,15.351331890740145
132,2.32,15.358232181606567
133,2.33,15.365371156670381
134,2.34,15.372736913056338
135,2.35,15.38033536777473
136,2.36,15.388172358089085
137,2.37,15.396086558951996
138,2.38,15.404081392197265
139,2.39,15.381123443381
140,2.4,15.369167745853952
141,2.41,15.35715281404442
142,2.42,15.345067231272358
143,2.43,15.332928941328365
144,2.44,15.320743390034462
145,2.45,15.308499107849475
146,2.46,15.296207090947329
147,2.47,15.283855915011832
148,2.48,15.271456692621602
149,2.49,15.258997834756007
150,2.5,15.246484844383707
151,2.51,15.23392309984764
152,2.52,15.22130138022554
153,2.53,15.208630690960623
154,2.54,15.195899887167673
155,2.55,15.183119858424075
156,2.56,15.170288855887847
157,2.57,15.15753225503021
158,2.58,15.144861937342792
159,2.59,15.160339908279619
160,2.6,15.167550608212332
161,2.61,15.174977375209693
162,2.62,15.182625679717301
163,2.63,15.190475255121346
164,2.64,15.198536163573744
165,2.65,15.206813394320093
166,2.66,15.215301111334199
167,2.67,15.22400011829773
168,2.68,15.232910346710932
169,2.69,15.242036748186319
170,2.7,15.251369500981085
171,2.71,15.260913505780149
172,2.72,15.270673629770931
173,2.73,15.280639597987406
174,2.74,15.290816231524284
175,2.75,15.301208370574878
176,2.76,15.311806111414594
177,2.77,15.322468407342132
178,2.78,15.333197779620074
179,2.79,15.313643269156548
180,2.8,15.301404224792705
181,2.81,15.289113746705263
182,2.82,15.276762075661669
183,2.83,15.26436909110815
184,2.84,15.251924802753056
185,2.85,15.239438796848166
186,2.86,15.226900945502402
187,2.87,15.214320903166728
188,2.88,15.201688612975545
189,2.89,15.18900871413994
190,2.9,15.176285812255278
191,2.91,15.163510055324299
192,2.92,15.150690949668947
193,2.93,15.137823585412288
194,2.94,15.12490281780126
195,2.95,15.111938384372404
196,2.96,15.098923500829391
197,2.97,15.085997347691915
198,2.98,15.073150733591769
199,2.99,15.08806043283624
200,3.0,15.097431358865617
201,3.01,15.106998120192959
202,3.02,15.116770463732365
203,3.03,15.12673876934
204,3.04,15.13689432600603
205,3.05,15.147242175816183
206,3.06,15.157782314000508
207,3.07,15.168514745787997
208,3.08,15.179439405361967
209,3.09,15.190556239613539
210,3.1,15.201870048075468
211,3.11,15.213371443155149
212,3.12,15.225064997398027
213,3.13,15.236955045794184
214,3.14,15.249032184701473
215,3.15,15.261301009994137
216,3.16,15.273766108505933
217,3.17,15.286273733513898
218,3.18,15.298830796899907
219,3.19,15.281323075430919
220,3.2,15.26871570717372
221,3.21,15.256064248715337
222,3.22,15.243359544161526
223,3.23,15.230619021892792
224,3.24,15.217833249428647
225,3.25,15.205011198373011
226,3.26,15.192143292105332
227,3.27,15.179238561627457
228,3.28,15.166287500281365
229,3.29,15.15329903981681
230,3.3,15.14026361043926
231,3.31,15.127190346859823
232,3.32,15.114069687737018
233,3.33,15.100910819777244
234,3.34,15.087708950799424
235,3.35,15.074459075036355
236,3.36,15.061170311016719
237,3.37,15.047969858459556
238,3.38,15.034853491357827
239,3.39,15.049378700987035
240,3.4,15.060133028859749
241,3.41,15.07106743173567
242,3.42,15.082191538132346
243,3.43,15.09349372274641
244,3.44,15.10497398918622
245,3.45,15.116627150724245
246,3.46,15.128463396187247
247,3.47,15.140472698534804
248,3.48,15.152660190438045
249,3.49,15.165025882824944
250,3.5,15.177570053028557
251,3.51,15.19029262148186
252,3.52,15.2031935802701
253,3.53,15.216272781591304
254,3.54,15.229530104279528
255,3.55,15.24296557874258
256,3.56,15.256579345050696
257,3.57,15.270227178286087
258,3.58,15.283911514034468
259,3.59,15.267548079438262
260,3.6,15.2546045719025
261,3.61,15.241613590361919
262,3.62,15.228579800777633
263,3.63,15.21551455817674
264,3.64,15.202408402098152
265,3.65,15.189270278533437
266,3.66,15.176095260770296
267,3.67,15.162878291180837
268,3.68,15.149628601557831
269,3.69,15.136336334519893
270,3.7,15.12301063488646
271,3.71,15.109646644100456
272,3.72,15.096239210443446
273,3.73,15.08279780355611
274,3.74,15.069317459547818
275,3.75,15.055792968855751
276,3.76,15.04223372969349
277,3.77,15.028766660116172
278,3.78,15.015392380249057
279,3.79,15.029648138099754
280,3.8,15.041223131089009
281,3.81,15.052972589102842
282,3.82,15.064896375347228
283,3.83,15.076988911970911
284,3.84,15.089244884759342
285,3.85,15.101674971734017
286,3.86,15.114274016685457
287,3.87,15.127042090903592
288,3.88,15.139973792384904
289,3.89,15.1530748347094
290,3.9,15.166345585182265
291,3.91,15.179786041167578
292,3.92,15.19339627508083
293,3.93,15.20717621117306
294,3.94,15.221125800804376
295,3.95,15.235245165043342
296,3.96,15.249534548063277
297,3.97,15.263849664255265
298,3.98,15.27818845432679
299,3.99,15.262441688721406
300,4.0,15.249226907728954
301,4.01,15.235973300892363
302,4.02,15.22268560549239
303,4.03,15.20935982121227
304,4.04,15.19600542740935
305,4.05,15.182617320031772
306,4.06,15.169190047938514
307,4.07,15.155733340115688
308,4.08,15.142236939235271
309,4.09,15.128710388979021
310,4.1,15.115148453356436
311,4.11,15.10154578926535
312,4.12,15.08791225930229
313,4.13,15.074242669597032
314,4.14,15.060536809674613
315,4.15,15.046789125947816
316,4.16,15.033009630161283
317,4.17,15.019325015954758
318,4.18,15.005735875589632
319,4.19,15.019811628844423
320,4.2,15.031851503958602
321,4.21,15.044064863543184
322,4.22,15.05644623169142
323,4.23,15.068990889982611
324,4.24,15.08169897996917
325,4.25,15.094564811918314
326,4.26,15.107599966725385
327,4.27,15.12079895606487
328,4.28,15.134161901661349
329,4.29,15.147683137105824
330,4.3,15.161369105683296
331,4.31,15.175219862019793
332,4.32,15.18923554135942
333,4.33,15.203416121171689
334,4.34,15.217761606094069
335,4.35,15.232272187130079
336,4.36,15.246948190973802
337,4.37,15.261645172215793
338,4.38,15.276361144321523
339,4.39,15.260946355319453
340,4.4,15.24754174536002
341,4.41,15.234100683043039
342,4.42,15.220623081204687
343,4.43,15.207119116756427
344,4.44,15.193578082299004
345,4.45,15.180010078478418
346,4.46,15.166409584751909
347,4.47,15.152770929488188
348,4.48,15.139104492130922
349,4.49,15.125399202105873
350,4.5,15.111665345509085
351,4.51,15.097897462904792
352,4.52,15.084095265610506
353,4.53,15.070253069417271
354,4.54,15.056381544966106
355,4.55,15.042475067279856
356,4.56,15.028533126073459
357,4.57,15.014687738677722
358,4.58,15.00093374797006
359,4.59,15.014879492436048
360,4.6,15.027191466083915
361,4.61,15.03966787851149
362,4.62,15.052308721039301
363,4.63,15.065109870808783
364,4.64,15.078065446414945
365,4.65,15.091187570656697
366,4.66,15.10447052813023
367,4.67,15.117914516844909
368,4.68,15.131519702466354
369,4.69,15.145280054116109
370,4.7,15.159202502958768
371,4.71,15.173287142038083
372,4.72,15.187534149748632
373,4.73,15.201943539694245
374,4.74,15.21651535202434
375,4.75,15.231249825192629
376,4.76,15.246147342260395
377,4.77,15.261063313823431
378,4.78,15.275995801120581
379,4.79,15.260763687802427
380,4.8,15.247230893365018
381,4.81,15.233662971475496
382,4.82,15.220059827785184
383,4.83,15.2064314544095
384,4.84,15.192766544506716
385,4.85,15.179075794510956
386,4.86,15.16534783976557
387,4.87,15.151593348749135
388,4.88,15.13780665597655
389,4.89,15.123981649001939
390,4.9,15.11012918407601
391,4.91,15.096243519209072
392,4.92,15.082324365469963
393,4.93,15.06836576748978
394,4.94,15.054378949912243
395,4.95,15.040358012381313
396,4.96,15.026302427915297
397,4.97,15.012344325753995
398,4.98,14.998478280441892
399,4.99,15.01233349926773
400,5.0,15.024797616111934
401,5.01,15.037424170794935
402,5.02,15.050213193786135
403,5.03,15.063160964051395
404,5.04,15.076261379721833
405,5.05,15.089527093790418
406,5.06,15.102952172817481
407,5.07,15.116536846728078
408,5.08,15.130281311261669
409,5.09,15.144179328666274
410,5.1,15.158238118056406
411,5.11,15.172457798781588
412,5.12,15.186838578272495
413,5.13,15.201380495050028
414,5.14,15.216083613575165
415,5.15,15.230948203610286
416,5.16,15.24597468532119
417,5.17,15.26101836188721
418,5.18,15.276077325485307
419,5.19,15.260948569324896
420,5.2,15.247331469277551
421,5.21,15.233679930287911
422,5.22,15.21999385562178
423,5.23,15.20628308416713
424,5.24,15.192535988906645
425,5.25,15.178763590230847
426,5.26,15.164954206754118
427,5.27,15.151118824213214
428,5.28,15.13725162429839
429,5.29,15.123346338263573
430,5.3,15.10941413237408
431,5.31,15.095449114657072
432,5.32,15.081450998658553
433,5.33,15.067413686198373
434,5.34,15.053348702047847
435,5.35,15.039250000154771
436,5.36,15.025117046378346
437,5.37,15.011082043019087
438,5.38,14.997139425348838
439,5.39,15.010932012389432
440,5.4,15.023483989749206
441,5.41,15.036197327588614
442,5.42,15.049072084148921
443,5.43,15.062104806645888
444,5.44,15.075289281958657
445,5.45,15.088638450035399
446,5.46,15.102146267104654
447,5.47,15.11581298582449
448,5.48,15.129638823435602
449,5.49,15.1436174380819
450,5.5,15.157756206067457
451,5.51,15.172055266060548
452,5.52,15.186514846403437
453,5.53,15.20113500412173
454,5.54,15.215915821811265
455,5.55,15.230857591026588
456,5.56,15.245960757340475
457,5.57,15.261080545086362
458,5.58,15.27621506719369
459,5.59,15.261146123547206
460,5.6,15.247474150025232
461,5.61,15.233768072749054
462,5.62,15.2200277952282
463,5.63,15.206263030111407
464,5.64,15.19246200369894
465,5.65,15.178635890221054
466,5.66,15.164778637342687
467,5.67,15.150884057393716
468,5.68,15.136963587571856
469,5.69,15.123005113219595
470,5.7,15.109019948962601
471,5.71,15.095002134712058
472,5.72,15.080951387728074
473,5.73,15.066867545516946
474,5.74,15.052744275164955
475,5.75,15.038593466481966
476,5.76,15.02440858350711
477,5.77,15.010321866725628
478,5.78,14.996333897081612
479,5.79,15.010076913825761
480,5.8,15.022679984487485
481,5.81,15.035443853591653
482,5.82,15.048368600407278
483,5.83,15.061450950888513
484,5.84,15.074684645170493
485,5.85,15.088082767119051
486,5.86,15.101639226836554
487,5.87,15.115354294255436
488,5.88,15.129228203549355
489,5.89,15.143254568081812
490,5.9,15.157440845720142
491,5.91,15.171787191025
492,5.92,15.1862938488189
493,5.93,15.200960891678813
494,5.94,15.215788417157261
495,5.95,15.230776733698644
496,5.96,15.245926305783078
497,5.97,15.261092297693484
498,5.98,15.27627283625371
499,5.99,15.261239104400497
