,iop,rtm
0,11.513051931018731,0.1
1,11.701005962951736,0.2
2,11.88896709419712,0.30000000000000004
3,12.076947314763473,0.4
4,12.264950616022313,0.5
5,12.452979818626662,0.6
6,12.64103757989459,0.7000000000000001
7,12.829126670992688,0.8
8,13.017250096308757,0.9
9,13.205411171055715,1.0
10,13.393613590673928,1.1
11,13.581861506663909,1.2000000000000002
12,13.770159618570737,1.3000000000000003
13,13.95851329362187,1.4000000000000001
14,14.146928730329849,1.5000000000000002
15,14.335408527768925,1.6
16,14.523957396454612,1.7000000000000002
17,14.712587488352577,1.8000000000000003
18,14.901307899048946,1.9000000000000001
19,15.090128977547298,2.0
20,15.279062534279483,2.1
21,15.468122089783822,2.2
22,15.657323173191774,2.3000000000000003
23,15.846683682327518,2.4000000000000004
24,16.03622432026053,2.5000000000000004
25,16.225969127364145,2.6
26,16.415946133387504,2.7
27,16.60618816149838,2.8000000000000003
28,16.796733825946745,2.9000000000000004
29,16.987628778683437,3.0000000000000004
30,17.17892727862938,3.1
31,17.370694183078005,3.2
32,17.563007497178873,3.3000000000000003
33,17.75596166941537,3.4000000000000004
34,17.949671896795763,3.5000000000000004
35,18.14427981566083,3.6
36,18.33996112352184,3.7
37,18.536935939165502,3.8000000000000003
38,18.735434296909055,3.9000000000000004
39,18.9359604628793,4.0
40,19.138833762262944,4.1
41,19.34472592692618,4.2
42,19.55447551568035,4.3
43,19.76925049129868,4.3999999999999995
44,19.99070246568659,4.5
45,20.221278667109303,4.6
46,20.464898045267873,4.7
47,20.72792221679068,4.8
48,21.022555514011735,4.9
49,21.377213789052615,5.0
50,21.84712840677033,5.1
51,22.307472943467797,5.2
52,22.704923872008955,5.3
53,23.05017029176815,5.4
54,23.368819278853795,5.5
55,23.657099215932032,5.6
56,23.92790308215716,5.7
57,24.180726881708082,5.8
58,24.419200084465583,5.9
59,24.64657104956832,6.0
60,24.868831809407208,6.1
61,25.08096747683613,6.2
62,25.31775839138089,6.3
63,25.55454852823534,6.4
64,25.791338422608707,6.5
65,26.028128317057195,6.6
66,26.264918211575477,6.7
67,26.5017081061604,6.8
68,26.738498000810377,6.9
69,26.975287888802303,7.0
70,27.21207779165085,7.1
71,27.448867694571916,7.2
72,27.685657597560326,7.3
73,27.922447500616503,7.4
74,28.15923740373407,7.5
75,28.396027306915027,7.6
76,28.632817210152883,7.7
77,28.86960711344883,7.8
78,29.106397016798848,7.9
79,29.343186920199944,8.0
80,29.57997682365415,8.1
81,29.81676672715399,8.2
82,30.053556630703728,8.3
83,30.290346534297395,8.4
84,30.52713643793602,8.5
85,30.763926341616084,8.6
86,31.000716245335568,8.7
87,31.23750614909826,8.8
88,31.474296052897365,8.9
89,31.711085956733303,9.0
90,31.947875860604945,9.1
91,32.18466576451248,9.2
92,32.42145566845094,9.3
93,32.65824557242628,9.4
94,32.89503547643024,9.5
95,33.13182538046483,9.6
96,33.368615284529675,9.700000000000001
97,33.60540518862241,9.8
98,33.842195092744014,9.9
99,34.078984996892956,10.0
100,34.31577490106923,10.1
101,34.55256480526947,10.200000000000001
102,34.789354709495214,10.3
103,35.026144613744705,10.4
104,35.26288699454848,10.5
105,35.499677032537775,10.6
106,35.73646707064788,10.700000000000001
107,35.97325710887775,10.8
108,36.210047147225175,10.9
109,36.44683718568264,11.0
110,36.68362722425125,11.1
111,36.920417262926705,11.200000000000001
112,37.157207301706705,11.3
113,37.39399734058607,11.4
114,37.630787379566534,11.5
115,37.86757741864233,11.6
116,38.10436745781088,11.700000000000001
117,38.34115749707219,11.8
118,38.577947536422066,11.9
119,38.81473757586023,12.0
120,39.05152761538157,12.1
121,39.2883176549858,12.200000000000001
122,39.52510769466961,12.3
123,39.76189773443562,12.4
124,39.998687774275766,12.5
125,40.23547781419331,12.6
126,40.472267854182384,12.700000000000001
127,40.7090578942441,12.8
128,40.94584793437689,12.9
129,41.182637974575336,13.0
130,41.419428014844144,13.1
131,41.656218055176765,13.200000000000001
132,41.89300809557294,13.3
133,42.12979813603284,13.4
134,42.36658817655118,13.5
135,42.60337821713225,13.6
136,42.84016825777201,13.700000000000001
137,43.07695829846655,13.8
138,43.31374833921842,13.9
139,43.550538380025884,14.0
140,43.787328420886034,14.1
141,44.02411846179905,14.200000000000001
142,44.26090850276512,14.3
143,44.497698543779826,14.4
144,44.73448858484349,14.5
145,44.97127862595592,14.6
146,45.20806866711835,14.700000000000001
147,45.44485870832464,14.8
148,45.681648749577995,14.9
149,45.918438790872145,15.0
150,46.155228832216,15.1
151,46.39201887359872,15.200000000000001
152,46.62880891502375,15.3
153,46.86559895649052,15.4
154,47.10238899799941,15.5
155,47.33917903954693,15.6
156,47.57596908113313,15.700000000000001
157,47.81275912275849,15.8
158,48.04954916441872,15.9
159,48.28633920611779,16.0
160,48.523129247853056,16.1
161,48.75991928962609,16.200000000000003
162,48.99670933143113,16.3
163,49.23349937326828,16.400000000000002
164,49.47028941514222,16.500000000000004
165,49.70707945704963,16.6
166,49.943869498986224,16.700000000000003
167,50.18065954095805,16.8
168,50.417449582957815,16.900000000000002
169,50.65423962499345,17.000000000000004
170,50.89102966705564,17.1
171,51.12781970914777,17.200000000000003
172,51.36460975126916,17.3
173,51.601399793416114,17.400000000000002
174,51.838189835597454,17.500000000000004
175,52.07497987780348,17.6
176,52.311769920036376,17.700000000000003
177,52.548559962296416,17.8
178,52.785350004581325,17.900000000000002
179,53.02214004689429,18.000000000000004
180,53.25893008923258,18.1
181,53.49572013159379,18.200000000000003
182,53.73251017397996,18.3
183,53.969300216393925,18.400000000000002
184,54.20609025882829,18.500000000000004
185,54.44288030128459,18.6
186,54.679670343767434,18.700000000000003
187,54.91646038627544,18.8
188,55.15325042879882,18.900000000000002
189,55.39004047135055,19.000000000000004
190,55.62683051391909,19.1
191,55.86362055651245,19.200000000000003
192,56.100410599124565,19.300000000000004
193,56.33720064175936,19.400000000000002
194,56.57399068441509,19.500000000000004
195,56.81078072708618,19.6
196,57.04757076978084,19.700000000000003
197,57.284360812493595,19.800000000000004
198,57.52115085522671,19.900000000000002
199,57.757940897978315,20.000000000000004
200,57.99473094074826,20.1
201,58.23152098353925,20.200000000000003
202,58.46831102634348,20.300000000000004
203,58.705101069169444,20.400000000000002
204,58.94189111201222,20.500000000000004
205,59.17868115487118,20.6
206,59.415471197744765,20.700000000000003
207,59.652261240640115,20.800000000000004
208,59.88905128355134,20.900000000000002
209,60.12584132647393,21.000000000000004
210,60.36263136941645,21.1
211,60.59942141237563,21.200000000000003
212,60.83621145535055,21.300000000000004
213,61.07300149833696,21.400000000000002
214,61.30979154134366,21.500000000000004
215,61.54658158436024,21.6
216,61.783371627394466,21.700000000000003
217,62.02016167044596,21.800000000000004
218,62.2569517135058,21.900000000000002
219,62.49374175658431,22.000000000000004
220,62.73053179967636,22.1
221,62.967321842781146,22.200000000000003
222,63.204111885901426,22.300000000000004
223,63.44090192903246,22.400000000000002
224,63.67769197217817,22.500000000000004
225,63.91448201533793,22.6
226,64.1512720585054,22.700000000000003
227,64.38806210169128,22.800000000000004
228,64.6248521448887,22.900000000000002
229,64.86164218809961,23.000000000000004
230,65.0984322313215,23.1
231,65.33522227455525,23.200000000000003
232,65.57201231779894,23.300000000000004
233,65.80880236105676,23.400000000000002
234,66.04559240432694,23.500000000000004
235,66.28238244760739,23.6
236,66.51917249090084,23.700000000000003
237,66.75596253420251,23.800000000000004
238,66.99275257751569,23.900000000000002
239,67.22954262084426,24.000000000000004
240,67.46633266417837,24.1
241,67.70312270752638,24.200000000000003
242,67.93991275088146,24.300000000000004
243,68.17670279425055,24.400000000000002
244,68.4134928376277,24.500000000000004
245,68.6502828810139,24.6
246,68.88707292441188,24.700000000000003
247,69.12386296782358,24.800000000000004
248,69.36065301124174,24.900000000000002
249,69.59744305466722,25.000000000000004
