dataset,damage_nodes,start_node,angle_deg,variant,baseline_iop,steady_iop_raw,delta_iop_raw,steady_iop,delta_iop
human,25,0,0.0,stent,23.692003966389244,18.42349586732685,-5.2685080990623945,18.0053800486818,-5.686623917707443
human,25,0,0.0,tm_only,23.692003966389244,24.20009054335669,0.5080865769674467,24.19397400512183,0.5019700387325869
human,25,0,0.0,full_node,23.692003966389244,24.461924607661015,0.7699206412717707,24.36684932083773,0.674845354448486
human,25,20,6.0,stent,23.692003966389244,17.974572088782736,-5.717431877606508,17.97904227201767,-5.712961694371575
human,25,20,6.0,tm_only,23.692003966389244,24.17851386776977,0.48650990138052563,24.201406265877335,0.5094022994880909
human,25,20,6.0,full_node,23.692003966389244,24.202720562467594,0.5107165960783497,24.363242989821625,0.6712390234323813
human,25,40,12.0,stent,23.692003966389244,17.539058859943424,-6.15294510644582,17.98976596393,-5.702238002459243
human,25,40,12.0,tm_only,23.692003966389244,24.225614386505537,0.5336104201162932,24.177703138638503,0.48569917224925874
human,25,40,12.0,full_node,23.692003966389244,24.425083799336267,0.7330798329470234,24.25239681135045,0.560392844961207
human,25,60,18.0,stent,23.692003966389244,18.455666943063846,-5.236337023325397,18.003107900070813,-5.688896066318431
human,25,60,18.0,tm_only,23.692003966389244,24.1289811616402,0.43697719525095735,24.190005224955218,0.4980012585659743
human,25,60,18.0,full_node,23.692003966389244,24.129386072247488,0.43738210585824433,24.342597302706675,0.6505933363174314
human,25,80,24.0,stent,23.692003966389244,18.01459789720517,-5.677406069184073,18.52479155738312,-5.167212409006122
human,25,80,24.0,tm_only,23.692003966389244,24.215420126719923,0.5234161603306795,24.157041961770933,0.4650379953816888
human,25,80,24.0,full_node,23.692003966389244,24.47332203653627,0.7813180701470266,24.25645226730472,0.5644483009154762
human,25,100,30.0,stent,23.692003966389244,19.104109831880344,-4.5878941345089,18.584376005476873,-5.107627960912371
human,25,100,30.0,tm_only,23.692003966389244,24.12672459695267,0.4347206305634259,24.1429805415081,0.4509765751188546
human,25,100,30.0,full_node,23.692003966389244,24.166648693130398,0.474644726741154,24.24203793029243,0.5500339639031857
human,25,120,36.0,stent,23.692003966389244,18.634420287345108,-5.057583679044136,18.64091867128479,-5.051085295104453
human,25,120,36.0,tm_only,23.692003966389244,24.086796900851702,0.39479293446245833,24.111889143452842,0.4198851770635983
human,25,120,36.0,full_node,23.692003966389244,24.086143061210613,0.39413909482136944,24.139256054805852,0.447252088416608
human,25,140,42.0,stent,23.692003966389244,18.184225894628913,-5.507778071760331,18.184166604752182,-5.507837361637062
human,25,140,42.0,tm_only,23.692003966389244,24.12214593255415,0.4301419661649071,24.132282284651485,0.44027831826224073
human,25,140,42.0,full_node,23.692003966389244,24.16497641007654,0.4729724436872971,24.270572183983024,0.5785682175937801
human,25,160,48.0,stent,23.692003966389244,17.733853632282536,-5.958150334106708,18.208053663665662,-5.483950302723581
human,25,160,48.0,tm_only,23.692003966389244,24.187904020548608,0.4959000541593639,24.135849850745142,0.44384588435589833
human,25,160,48.0,full_node,23.692003966389244,24.56059708066192,0.8685931142726773,24.288126679909656,0.5961227135204119
human,25,180,54.0,stent,23.692003966389244,18.706081464085536,-4.985922502303708,18.219758397050384,-5.47224556933886
human,25,180,54.0,tm_only,23.692003966389244,24.09749959913266,0.40549563274341693,24.117137093425754,0.42513312703650996
human,25,180,54.0,full_node,23.692003966389244,24.13880654899051,0.44680258260126493,24.25559436029498,0.5635903939057378
human,25,200,60.0,stent,23.692003966389244,18.219340094783075,-5.472663871606169,18.219281319783267,-5.472722646605977
human,25,200,60.0,tm_only,23.692003966389244,24.066007660595986,0.37400369420674195,24.079973219053866,0.3879692526646217
human,25,200,60.0,full_node,23.692003966389244,24.067379451232526,0.375375484843282,24.09863007560614,0.40662610921689435
human,25,220,66.0,stent,23.692003966389244,17.732422400481195,-5.959581565908049,17.727930907978163,-5.964073058411081
human,25,220,66.0,tm_only,23.692003966389244,24.07641239743295,0.38440843104370614,24.097382439806044,0.4053784734167998
human,25,220,66.0,full_node,23.692003966389244,24.089704226595373,0.39770026020612903,24.250062710879906,0.558058744490662
human,25,240,72.0,stent,23.692003966389244,17.23203022867022,-6.459973737719025,17.226891991403566,-6.465111974985678
human,25,240,72.0,tm_only,23.692003966389244,24.149727261389202,0.45772329499995834,24.133443161960244,0.4414391955710002
human,25,240,72.0,full_node,23.692003966389244,24.59310445481182,0.9011004884225748,24.426555210566743,0.7345512441774993
human,25,260,78.0,stent,23.692003966389244,16.716223345059284,-6.97578062132996,17.060684315694992,-6.631319650694252
human,25,260,78.0,tm_only,23.692003966389244,24.17418982705858,0.4821858606693361,24.136964077592506,0.44496011120326173
human,25,260,78.0,full_node,23.692003966389244,24.596856950293034,0.9048529839037904,24.431144601630322,0.7391406352410783
human,25,280,84.0,stent,23.692003966389244,17.233799373355474,-6.45820459303377,16.872963889419125,-6.8190400769701185
human,25,280,84.0,tm_only,23.692003966389244,24.086975144329728,0.39497117794048364,24.111849636709564,0.4198456703203206
human,25,280,84.0,full_node,23.692003966389244,24.103472399786117,0.4114684333968732,24.257112230212922,0.565108263823678
human,25,300,90.0,stent,23.692003966389244,16.66886894984262,-7.023135016546625,16.660996131559354,-7.0310078348298894
human,25,300,90.0,tm_only,23.692003966389244,24.07438393874038,0.38237997235113497,24.096739184536048,0.40473521814680424
human,25,300,90.0,full_node,23.692003966389244,24.071007340559614,0.3790033741703702,24.122477361094543,0.4304733947052988
human,25,320,96.0,stent,23.692003966389244,16.080320071479964,-7.61168389490928,16.07129288790716,-7.620711078482085
human,25,320,96.0,tm_only,23.692003966389244,24.12885847053803,0.436854504148787,24.161462844530693,0.4694588781414488
human,25,320,96.0,full_node,23.692003966389244,24.192952342937897,0.5009483765486529,24.257563795046924,0.5655598286576797
human,25,340,102.0,stent,23.692003966389244,15.464689642398891,-8.227314323990353,15.68065464140455,-8.011349324984694
human,25,340,102.0,tm_only,23.692003966389244,24.281146124313675,0.5891421579244316,24.2615337786126,0.5695298122233545
human,25,340,102.0,full_node,23.692003966389244,24.508731701643264,0.8167277352540196,24.41749246724685,0.7254885008576046
human,25,360,108.0,stent,23.692003966389244,15.496954210334788,-8.195049756054456,15.493229900321344,-8.1987740660679
human,25,360,108.0,tm_only,23.692003966389244,24.374596740986085,0.6825927745968414,24.336508817136817,0.6445048507475732
human,25,360,108.0,full_node,23.692003966389244,24.550793357159392,0.8587893907701485,24.47838637620869,0.7863824098194456
human,25,380,114.0,stent,23.692003966389244,15.51804584823035,-8.173958118158893,15.546131498972168,-8.145872467417076
human,25,380,114.0,tm_only,23.692003966389244,24.35378358611069,0.6617796197214467,24.321370533139113,0.6293665667498693
human,25,380,114.0,full_node,23.692003966389244,24.375634069823413,0.6836301034341687,24.452512981993134,0.7605090156038905
human,25,400,120.0,stent,23.692003966389244,15.623394438351367,-8.068609528037877,15.616392624637243,-8.075611341752001
human,25,400,120.0,tm_only,23.692003966389244,24.23573127232056,0.5437273059313164,24.2260882480532,0.5340842816639544
human,25,400,120.0,full_node,23.692003966389244,24.431111518996595,0.7391075526073507,24.304173249130113,0.6121692827408687
human,25,420,126.0,stent,23.692003966389244,15.707737587330005,-7.984266379059239,15.429710466304462,-8.262293500084782
human,25,420,126.0,tm_only,23.692003966389244,24.08874988572834,0.39674591933909653,24.132180994276677,0.44017702788743307
human,25,420,126.0,full_node,23.692003966389244,24.105774158570327,0.413770192181083,24.203062457670953,0.5110584912817089
human,25,440,132.0,stent,23.692003966389244,14.957999373232012,-8.734004593157232,14.958414614295739,-8.733589352093505
human,25,440,132.0,tm_only,23.692003966389244,24.072061824781123,0.3800578583918792,24.102174543247855,0.41017057685861147
human,25,440,132.0,full_node,23.692003966389244,24.072301695445937,0.3802977290566929,24.132904361995816,0.44090039560657246
human,25,460,138.0,stent,23.692003966389244,14.209506882325204,-9.48249708406404,14.211580490890801,-9.480423475498442
human,25,460,138.0,tm_only,23.692003966389244,24.145711919234095,0.45370795284485155,24.165425662957848,0.4734216965686038
human,25,460,138.0,full_node,23.692003966389244,24.220637231971185,0.5286332655819415,24.270763982862288,0.5787600164730442
human,25,480,144.0,stent,23.692003966389244,13.467235217115185,-10.224768749274059,13.579274510125733,-10.11272945626351
human,25,480,144.0,tm_only,23.692003966389244,24.278503244858335,0.5864992784690912,24.263215462204574,0.57121149581533
human,25,480,144.0,full_node,23.692003966389244,24.51935302116974,0.8273490547804947,24.411454677773474,0.7194507113842299
human,25,500,150.0,stent,23.692003966389244,13.061081430936808,-10.630922535452436,14.617328324165124,-9.07467564222412
human,25,500,150.0,tm_only,23.692003966389244,24.365431222521302,0.673427256132058,24.338335526096767,0.646331559707523
human,25,500,150.0,full_node,23.692003966389244,24.494373780179497,0.8023698137902535,24.579119084163555,0.8871151177743108
human,25,520,156.0,stent,23.692003966389244,17.323668324443382,-6.368335641945862,15.695769096931222,-7.996234869458021
human,25,520,156.0,tm_only,23.692003966389244,24.371072110910664,0.6790681445214197,24.30662155239875,0.6146175860095049
human,25,520,156.0,full_node,23.692003966389244,24.72363045114143,1.0316264847521879,24.543009184604784,0.8510052182155405
human,25,540,162.0,stent,23.692003966389244,16.702557535413476,-6.989446430975768,17.110111119647613,-6.581892846741631
human,25,540,162.0,tm_only,23.692003966389244,24.183361323764274,0.49135735737502984,24.207656209785778,0.5156522433965343
human,25,540,162.0,full_node,23.692003966389244,24.41102332249342,0.7190193561041767,24.405369950528442,0.7133659841391982
human,25,560,168.0,stent,23.692003966389244,17.30410749908598,-6.387896467303264,16.878111670074464,-6.81389229631478
human,25,560,168.0,tm_only,23.692003966389244,24.0685351946824,0.37653122829315677,24.10159088826241,0.40958692187316714
human,25,560,168.0,full_node,23.692003966389244,24.081456077950474,0.38945211156122994,24.18179396195258,0.4897899955633349
human,25,580,174.0,stent,23.692003966389244,16.627669975723933,-7.064333990665311,16.623251488771057,-7.068752477618187
human,25,580,174.0,tm_only,23.692003966389244,24.05287614634056,0.3608721799513148,24.067064189398195,0.37506022300895125
human,25,580,174.0,full_node,23.692003966389244,24.05290248541384,0.3608985190245946,24.08063429683502,0.3886303304457748
human,25,600,180.0,stent,23.692003966389244,15.937976991503263,-7.754026974885981,15.93262761477286,-7.759376351616384
human,25,600,180.0,tm_only,23.692003966389244,24.07978122717162,0.38777726078237507,24.111016222402526,0.41901225601328207
human,25,600,180.0,full_node,23.692003966389244,24.10754432714074,0.41554036075149625,24.216137527639304,0.5241335612500606
human,25,620,186.0,stent,23.692003966389244,15.23223587709138,-8.459768089297864,15.434678204583967,-8.257325761805276
human,25,620,186.0,tm_only,23.692003966389244,24.20039129369541,0.508387327306167,24.169478567705312,0.477474601316068
human,25,620,186.0,full_node,23.692003966389244,24.487965770363328,0.7959618039740839,24.274146542137725,0.582142575748481
human,25,640,192.0,stent,23.692003966389244,15.13382174515726,-8.558182221231984,14.91965847465363,-8.772345491735614
human,25,640,192.0,tm_only,23.692003966389244,24.22826318224891,0.5362592158596655,24.26014934147756,0.5681453750883172
human,25,640,192.0,full_node,23.692003966389244,24.2269295289091,0.5349255625198559,24.426962526983644,0.7349585605944
human,25,660,198.0,stent,23.692003966389244,14.39291780171225,-9.299086164676995,14.709074709665101,-8.982929256724143
human,25,660,198.0,tm_only,23.692003966389244,24.351793548488367,0.6597895820991226,24.311629911079482,0.6196259446902381
human,25,660,198.0,full_node,23.692003966389244,24.565992281678504,0.8739883152892602,24.393196209667025,0.7011922432777808
human,25,680,204.0,stent,23.692003966389244,14.600484582125796,-9.091519384263448,14.280993735861083,-9.411010230528161
human,25,680,204.0,tm_only,23.692003966389244,24.354833002501177,0.6628290361119333,24.357111230611693,0.6651072642224491
human,25,680,204.0,full_node,23.692003966389244,24.38666681841347,0.6946628520242264,24.506923966576768,0.8149200001875236
human,25,700,210.0,stent,23.692003966389244,13.849578823745208,-9.842425142644036,14.109957476026587,-9.582046490362657
human,25,700,210.0,tm_only,23.692003966389244,24.364707140845535,0.6727031744562915,24.31153295363366,0.619528987244415
human,25,700,210.0,full_node,23.692003966389244,24.568112799638335,0.8761088332490914,24.395420298073702,0.7034163316844584
human,25,720,216.0,stent,23.692003966389244,13.879809022208756,-9.812194944180488,13.631108734352233,-10.06089523203701
human,25,720,216.0,tm_only,23.692003966389244,24.21505871755426,0.5230547511650165,24.289009537860313,0.5970055714710689
human,25,720,216.0,full_node,23.692003966389244,24.231481276169305,0.5394773097800609,24.408978774715674,0.7169748083264302
human,25,740,222.0,stent,23.692003966389244,13.163938357102733,-10.52806560928651,13.185657123550664,-10.50634684283858
human,25,740,222.0,tm_only,23.692003966389244,24.28726275518115,0.5952587887919059,24.311171301444332,0.6191673350550886
human,25,740,222.0,full_node,23.692003966389244,24.427342248339382,0.7353382819501384,24.481009322190914,0.7890053558016703
human,25,760,228.0,stent,23.692003966389244,12.5132239913405,-11.178779975048744,14.238957055106246,-9.453046911282998
human,25,760,228.0,tm_only,23.692003966389244,24.431192431597584,0.7391884652083398,24.34103746489343,0.6490334985041848
human,25,760,228.0,full_node,23.692003966389244,24.784204442064045,1.092200475674801,24.506228891192247,0.8142249248030033
human,25,780,234.0,stent,23.692003966389244,17.039708816875503,-6.652295149513741,15.361983576137911,-8.330020390251333
human,25,780,234.0,tm_only,23.692003966389244,24.304657207901553,0.6126532415123087,24.371549794692015,0.6795458283027713
human,25,780,234.0,full_node,23.692003966389244,24.30713998317331,0.6151360167840672,24.52353074251361,0.8315267761243668
human,25,800,240.0,stent,23.692003966389244,16.53301792019773,-7.158986046191515,16.856512163349667,-6.835491803039577
human,25,800,240.0,tm_only,23.692003966389244,24.37879974457691,0.6867957781876655,24.323762294640517,0.6317583282512729
human,25,800,240.0,full_node,23.692003966389244,24.47924780230348,0.7872438359142357,24.48598933456343,0.7939853681741873
human,25,820,245.99999999999997,stent,23.692003966389244,16.99680975297577,-6.6951942134134725,17.652925807035114,-6.03907815935413
human,25,820,245.99999999999997,tm_only,23.692003966389244,24.287829931443085,0.5958259650538409,24.250577960729704,0.5585739943404597
human,25,820,245.99999999999997,full_node,23.692003966389244,24.671580218213503,0.979576251824259,24.457176088617857,0.7651721222286127
human,25,840,252.0,stent,23.692003966389244,19.428949747931846,-4.263054218457398,18.442233240249013,-5.24977072614023
human,25,840,252.0,tm_only,23.692003966389244,24.085104206169124,0.39310023977987996,24.13619218649269,0.4441882201034453
human,25,840,252.0,full_node,23.692003966389244,24.220700245336587,0.5286962789473435,24.32163389173503,0.6296299253457853
human,25,860,258.0,stent,23.692003966389244,18.900940219839427,-4.791063746549817,18.912125175553644,-4.7798787908356
human,25,860,258.0,tm_only,23.692003966389244,24.03564242186586,0.343638455476615,24.0465637440504,0.3545597776611551
human,25,860,258.0,full_node,23.692003966389244,24.072621211654994,0.3806172452657499,24.1049804428153,0.4129764764260564
human,25,880,264.0,stent,23.692003966389244,18.40648555888966,-5.285518407499584,18.409967766997173,-5.282036199392071
human,25,880,264.0,tm_only,23.692003966389244,24.018944604116218,0.3269406377269739,24.026220071808456,0.33421610541921254
human,25,880,264.0,full_node,23.692003966389244,24.021619871454316,0.3296159050650722,24.042502860549078,0.35049889415983415
human,25,900,270.0,stent,23.692003966389244,17.92247752226244,-5.769526444126804,17.922622369424385,-5.769381596964859
human,25,900,270.0,tm_only,23.692003966389244,24.024073189443293,0.33206922305404873,24.031285658459087,0.33928169206984293
human,25,900,270.0,full_node,23.692003966389244,24.033267498537924,0.3412635321486803,24.05394400363606,0.3619400372468178
human,25,920,276.0,stent,23.692003966389244,17.438904027121055,-6.253099939268189,17.437217555540297,-6.254786410848947
human,25,920,276.0,tm_only,23.692003966389244,24.05083918181775,0.35883521542850616,24.072061629092605,0.3800576627033614
human,25,920,276.0,full_node,23.692003966389244,24.106944640915945,0.4149406745267008,24.223606580570728,0.5316026141814838
human,25,940,282.0,stent,23.692003966389244,16.9502711172374,-6.741732849151845,16.951140100460915,-6.740863865928329
human,25,940,282.0,tm_only,23.692003966389244,24.141272516016777,0.4492685496275328,24.133758401314072,0.44175443492482813
human,25,940,282.0,full_node,23.692003966389244,24.530607602258318,0.8386036358690738,24.427038665126528,0.7350346987372838
human,25,960,288.0,stent,23.692003966389244,16.464245157024294,-7.22775880936495,16.771396407000417,-6.920607559388827
human,25,960,288.0,tm_only,23.692003966389244,24.209163506107693,0.517159539718449,24.19277303941782,0.5007690730285752
human,25,960,288.0,full_node,23.692003966389244,24.643563752205317,0.9515597858160731,24.55917136441954,0.867167398030297
human,25,980,294.0,stent,23.692003966389244,16.899672946739557,-6.792331019649687,16.913244785867548,-6.778759180521696
human,25,980,294.0,tm_only,23.692003966389244,24.227883096129,0.5358791297397545,24.196500938331166,0.5044969719419221
human,25,980,294.0,full_node,23.692003966389244,24.50334273879498,0.8113387724057368,24.460312862074105,0.7683088956848607
human,25,1000,300.0,stent,23.692003966389244,17.375816253838796,-6.316187712550448,17.04775785210757,-6.644246114281675
human,25,1000,300.0,tm_only,23.692003966389244,24.152456212756807,0.4604522463675629,24.151994119957678,0.45999015356843387
human,25,1000,300.0,full_node,23.692003966389244,24.23403209522202,0.5420281288327757,24.271468771504562,0.5794648051153182
human,25,1020,306.0,stent,23.692003966389244,16.867784355744362,-6.824219610644882,16.869622778591307,-6.822381187797937
human,25,1020,306.0,tm_only,23.692003966389244,24.075643050987228,0.38363908459798424,24.103738316696447,0.41173435030720285
human,25,1020,306.0,full_node,23.692003966389244,24.077031480496693,0.38502751410744906,24.132903286109137,0.44089931971989316
human,25,1040,312.0,stent,23.692003966389244,16.365267726190766,-7.326736240198478,16.365224564848504,-7.32677940154074
human,25,1040,312.0,tm_only,23.692003966389244,24.0831156863453,0.39111171995605787,24.126925865745672,0.43492189935642855
human,25,1040,312.0,full_node,23.692003966389244,24.087646282608695,0.3956423162194511,24.17629597088474,0.48429200449549725
human,25,1060,318.0,stent,23.692003966389244,15.862621612610386,-7.829382353778858,16.07341991440103,-7.618584051988215
human,25,1060,318.0,tm_only,23.692003966389244,24.22201885990448,0.5300148935152365,24.24262176652984,0.5506178001405964
human,25,1060,318.0,full_node,23.692003966389244,24.364210149548846,0.6722061831596022,24.442809339316202,0.7508053729269584
human,25,1080,324.0,stent,23.692003966389244,15.99237040440194,-7.699633561987303,16.347781814797155,-7.3442221515920885
human,25,1080,324.0,tm_only,23.692003966389244,24.42273075333975,0.7307267869505054,24.32957340847267,0.637569442083425
human,25,1080,324.0,full_node,23.692003966389244,24.87657158579107,1.1845676194018253,24.535790684382906,0.8437867179936624
human,25,1100,330.0,stent,23.692003966389244,17.18835342737914,-6.503650539010103,16.632469162343245,-7.059534804045999
human,25,1100,330.0,tm_only,23.692003966389244,24.343970612173784,0.6519666457845403,24.378571183409576,0.6865672170203325
human,25,1100,330.0,full_node,23.692003966389244,24.36659031780881,0.6745863514195669,24.64584491478837,0.9538409483991259
human,25,1120,336.0,stent,23.692003966389244,16.71668365524865,-6.975320311140592,17.05700951954081,-6.6349944468484345
human,25,1120,336.0,tm_only,23.692003966389244,24.369012184715196,0.6770082183259518,24.318230579602773,0.6262266132135288
human,25,1120,336.0,full_node,23.692003966389244,24.69437284076522,1.0023688743759749,24.470730884289427,0.7787269179001832
human,25,1140,342.0,stent,23.692003966389244,17.265991475994632,-6.426012490394612,17.350390904613516,-6.341613061775728
human,25,1140,342.0,tm_only,23.692003966389244,24.24170894191934,0.5497049755300978,24.237131137837903,0.5451271714486587
human,25,1140,342.0,full_node,23.692003966389244,24.351229494294255,0.6592255279050114,24.382268236479547,0.690264270090303
human,25,1160,348.0,stent,23.692003966389244,18.068497582597267,-5.623506383791977,17.65085374950924,-6.0411502168800055
human,25,1160,348.0,tm_only,23.692003966389244,24.100672286879167,0.4086683204899231,24.181899611012515,0.48989564462327095
human,25,1160,348.0,full_node,23.692003966389244,24.101202374379163,0.40919840798991913,24.296111553686,0.6041075872967561
human,25,1180,354.0,stent,23.692003966389244,17.618072189935816,-6.073931776453428,18.036688546619978,-5.655315419769266
human,25,1180,354.0,tm_only,23.692003966389244,24.203317604239036,0.511313637849792,24.168026811491632,0.47602284510238846
human,25,1180,354.0,full_node,23.692003966389244,24.435902792384585,0.7438988259953412,24.333009924808255,0.6410059584190115
mouse,25,0,0.0,stent,23.873415201938222,15.404896717652537,-8.468518484285685,15.639977396778619,-8.233437805159603
mouse,25,0,0.0,tm_only,23.873415201938222,24.38206209273738,0.5086468907991595,24.354701381903997,0.4812861799657746
mouse,25,0,0.0,full_node,23.873415201938222,24.48772740811312,0.6143122061748976,24.413802358844322,0.5403871569060996
mouse,25,20,6.0,stent,23.873415201938222,16.026704592651917,-7.846710609286305,15.573505727138999,-8.299909474799223
mouse,25,20,6.0,tm_only,23.873415201938222,24.274044941522135,0.4006297395839127,24.309347472119544,0.43593227018132197
mouse,25,20,6.0,full_node,23.873415201938222,24.274475284136223,0.4010600821980006,24.397493637478103,0.5240784355398809
mouse,25,40,12.0,stent,23.873415201938222,15.28891587111254,-8.584499330825683,15.474332197604113,-8.39908300433411
mouse,25,40,12.0,tm_only,23.873415201938222,24.27193538209911,0.39852018016088664,24.242004301993685,0.36858910005546264
mouse,25,40,12.0,full_node,23.873415201938222,24.430278220184956,0.5568630182467338,24.29780081857181,0.42438561663358954
mouse,25,60,18.0,stent,23.873415201938222,15.10737612904788,-8.766039072890342,14.927889034114722,-8.9455261678235
mouse,25,60,18.0,tm_only,23.873415201938222,24.180032582359807,0.30661738042158504,24.212131504218174,0.338716302279952
mouse,25,60,18.0,full_node,23.873415201938222,24.188648951394264,0.3152337494560413,24.27261640299423,0.39920120105600887
mouse,25,80,24.0,stent,23.873415201938222,14.387375102183743,-9.48604009975448,14.394022023628485,-9.479393178309737
mouse,25,80,24.0,tm_only,23.873415201938222,24.1844265481956,0.31101134625737714,24.238515835421026,0.36510063348280397
mouse,25,80,24.0,full_node,23.873415201938222,24.198922037403477,0.32550683546525505,24.32748072081735,0.4540655188791263
mouse,25,100,30.0,stent,23.873415201938222,13.687314839653832,-10.18610036228439,13.785794555053982,-10.08762064688424
mouse,25,100,30.0,tm_only,23.873415201938222,24.351088375707672,0.47767317376944973,24.317016076344604,0.44360087440638196
mouse,25,100,30.0,full_node,23.873415201938222,24.594871173654308,0.721455971716086,24.411557076816333,0.5381418748781108
mouse,25,120,36.0,stent,23.873415201938222,13.282693723324368,-10.590721478613855,15.085926971265081,-8.78748823067314
mouse,25,120,36.0,tm_only,23.873415201938222,24.41553330513055,0.5421181031923261,24.362025263740918,0.48861006180269584
mouse,25,120,36.0,full_node,23.873415201938222,24.440878019391203,0.5674628174529808,24.473962709609946,0.6005475076717239
mouse,25,140,42.0,stent,23.873415201938222,18.287772350817047,-5.585642851121175,16.925923304062696,-6.947491897875526
mouse,25,140,42.0,tm_only,23.873415201938222,24.319454110384534,0.44603890844631167,24.324253105384724,0.45083790344650154
mouse,25,140,42.0,full_node,23.873415201938222,24.386138935784327,0.512723733846105,24.354229642099256,0.4808144401610335
mouse,25,160,48.0,stent,23.873415201938222,19.20730383804668,-4.666111363891542,18.723696676119836,-5.149718525818386
mouse,25,160,48.0,tm_only,23.873415201938222,24.23777190063909,0.36435669870086684,24.265290550449617,0.3918753485113946
mouse,25,160,48.0,full_node,23.873415201938222,24.23567197112223,0.3622567691840075,24.392495941124086,0.5190807391858634
mouse,25,180,54.0,stent,23.873415201938222,18.67601383949578,-5.1974013624424416,19.24887965519304,-4.624535546745182
mouse,25,180,54.0,tm_only,23.873415201938222,24.238645640325224,0.36523043838700175,24.211415136237346,0.33799993429912334
mouse,25,180,54.0,full_node,23.873415201938222,24.555676916465703,0.6822617145274812,24.3413535550616,0.46793835312337606
mouse,25,200,60.0,stent,23.873415201938222,19.86332128803665,-4.010093913901571,19.278753500638384,-4.594661701299838
mouse,25,200,60.0,tm_only,23.873415201938222,24.15782786774772,0.28441266580949787,24.17518810580111,0.30177290386288647
mouse,25,200,60.0,full_node,23.873415201938222,24.232711777596858,0.35929657565863593,24.31059228356065,0.4371770816224263
mouse,25,220,66.0,stent,23.873415201938222,19.296925374382713,-4.576489827555509,19.29803065109026,-4.575384550847961
mouse,25,220,66.0,tm_only,23.873415201938222,24.129090809330375,0.25567560739215267,24.136099770219335,0.262684568281113
mouse,25,220,66.0,full_node,23.873415201938222,24.143388156619384,0.2699729546811618,24.165817623083502,0.2924024211452796
mouse,25,240,72.0,stent,23.873415201938222,18.73384529085142,-5.139569911086802,18.72675905365624,-5.146656148281981
mouse,25,240,72.0,tm_only,23.873415201938222,24.12138063357991,0.24796543164168838,24.12742814032224,0.25401293838401884
mouse,25,240,72.0,full_node,23.873415201938222,24.121352935034274,0.24793773309605172,24.139745781993067,0.266330580054845
mouse,25,260,78.0,stent,23.873415201938222,18.14950649573459,-5.7239087062036305,18.14012763193212,-5.733287570006102
mouse,25,260,78.0,tm_only,23.873415201938222,24.131812978056438,0.25839777611821546,24.13903689069846,0.2656216887602376
mouse,25,260,78.0,full_node,23.873415201938222,24.15449625432554,0.28108105238731795,24.17402950097301,0.30061429903478754
mouse,25,280,84.0,stent,23.873415201938222,17.537031109210346,-6.336384092727876,17.525058538447748,-6.348356663490474
mouse,25,280,84.0,tm_only,23.873415201938222,24.163917060459028,0.29050185852080546,24.175210183709112,0.3017949817708896
mouse,25,280,84.0,full_node,23.873415201938222,24.246239313559215,0.37282411162099294,24.33385965822571,0.46044445628748676
mouse,25,300,90.0,stent,23.873415201938222,16.888638010398303,-6.984777191539919,17.18490778199843,-6.688507419939793
mouse,25,300,90.0,tm_only,23.873415201938222,24.229900512611877,0.35648531067365496,24.195918814792254,0.32250361285403173
mouse,25,300,90.0,full_node,23.873415201938222,24.600843406792382,0.72742820485416,24.35727447751348,0.4838592755752593
mouse,25,320,96.0,stent,23.873415201938222,17.129054226386636,-6.7443609755515865,16.805385717968566,-7.0680294839696565
mouse,25,320,96.0,tm_only,23.873415201938222,24.193938871305864,0.3205236693676419,24.19784638198104,0.32443118004281857
mouse,25,320,96.0,full_node,23.873415201938222,24.224740712188854,0.3513255102506321,24.33051270838462,0.4570975064463987
mouse,25,340,102.0,stent,23.873415201938222,16.398464917120755,-7.474950284817467,16.391058294596927,-7.482356907341295
mouse,25,340,102.0,tm_only,23.873415201938222,24.169699762025388,0.29628456008716597,24.191889653926054,0.3184744519878322
mouse,25,340,102.0,full_node,23.873415201938222,24.16595400617263,0.2925388042344075,24.214965127828776,0.3415499258905541
mouse,25,360,108.0,stent,23.873415201938222,15.645655740283392,-8.22775946165483,15.641515426934072,-8.23189977500415
mouse,25,360,108.0,tm_only,23.873415201938222,24.212030328446918,0.33861512650869585,24.23363596075522,0.3602207588169968
mouse,25,360,108.0,full_node,23.873415201938222,24.25420066512484,0.3807854631866192,24.302716327475068,0.4293011255368455
mouse,25,380,114.0,stent,23.873415201938222,14.880425623398068,-8.992989578540154,15.036466354690782,-8.83694884724744
mouse,25,380,114.0,tm_only,23.873415201938222,24.319177791793344,0.4457625898551214,24.284568302174435,0.41115310023621277
mouse,25,380,114.0,full_node,23.873415201938222,24.48799431112774,0.614579109189517,24.381631467977694,0.5082162660394722
mouse,25,400,120.0,stent,23.873415201938222,14.583317700390893,-9.29009750154733,14.560321539535428,-9.313093662402794
mouse,25,400,120.0,tm_only,23.873415201938222,24.32249678628304,0.4490815843448175,24.314932763239806,0.44151756130158404
mouse,25,400,120.0,full_node,23.873415201938222,24.402699427680503,0.5292842257422805,24.399131264573374,0.5257160626351514
mouse,25,420,126.0,stent,23.873415201938222,14.217221294817321,-9.656193907120901,14.089496319094087,-9.783918882844135
mouse,25,420,126.0,tm_only,23.873415201938222,24.30312371164303,0.4297085097048061,24.33262759390028,0.4592123919620583
mouse,25,420,126.0,full_node,23.873415201938222,24.306700054911882,0.43328485297366015,24.396230240379868,0.5228150384416459
mouse,25,440,132.0,stent,23.873415201938222,13.467949962074048,-10.405465239864174,13.567683520926641,-10.305731681011581
mouse,25,440,132.0,tm_only,23.873415201938222,24.37226228377478,0.49884708183655846,24.363637927463575,0.49022272552535284
mouse,25,440,132.0,full_node,23.873415201938222,24.479291238547212,0.6058760366089899,24.419967918130677,0.5465527161924548
mouse,25,460,138.0,stent,23.873415201938222,13.017879305888556,-10.855535896049666,14.19920739108708,-9.674207810851142
mouse,25,460,138.0,tm_only,23.873415201938222,24.41552778697292,0.5421125850346975,24.401070177521945,0.5276549755837223
mouse,25,460,138.0,full_node,23.873415201938222,24.47391246093294,0.600497258994718,24.458548875279295,0.5851336733410726
mouse,25,480,144.0,stent,23.873415201938222,16.111792905298636,-7.761622296639587,15.103451019744234,-8.769964182193988
mouse,25,480,144.0,tm_only,23.873415201938222,24.415420461818137,0.5420052598799145,24.401423082193617,0.5280078802553945
mouse,25,480,144.0,full_node,23.873415201938222,24.422442926357736,0.5490277244195134,24.428427505830403,0.5550123038921804
mouse,25,500,150.0,stent,23.873415201938222,16.18068084804551,-7.69273435389271,16.215815638192606,-7.657599563745617
mouse,25,500,150.0,tm_only,23.873415201938222,24.373320997789783,0.4999057958515607,24.382052679871986,0.5086374779337639
mouse,25,500,150.0,full_node,23.873415201938222,24.388927130200532,0.5155119282623097,24.40290887355341,0.5294936716151888
mouse,25,520,156.0,stent,23.873415201938222,16.354973161233662,-7.51844204070456,16.351299463954753,-7.522115737983469
mouse,25,520,156.0,tm_only,23.873415201938222,24.357416580008035,0.4840013780698129,24.368543978119945,0.4951287761817227
mouse,25,520,156.0,full_node,23.873415201938222,24.397356564101962,0.5239413621637397,24.39674028821376,0.5233250862755376
mouse,25,540,162.0,stent,23.873415201938222,16.518244382585088,-7.355170819353134,16.52886990400639,-7.344545297931834
mouse,25,540,162.0,tm_only,23.873415201938222,24.374894356562017,0.5014791546237944,24.366184882129563,0.4927696801913406
mouse,25,540,162.0,full_node,23.873415201938222,24.403937170338786,0.5305219684005635,24.409688372448176,0.5362731705099542
mouse,25,560,168.0,stent,23.873415201938222,16.713392168200418,-7.160023033737804,16.73208209856004,-7.141333103378184
mouse,25,560,168.0,tm_only,23.873415201938222,24.366243709818644,0.49282850788042154,24.358658379665474,0.4852431777272521
mouse,25,560,168.0,full_node,23.873415201938222,24.427771382903792,0.5543561809655699,24.437396612953382,0.5639814110151598
mouse,25,580,174.0,stent,23.873415201938222,16.9646097448946,-6.9088054570436235,16.70095766700408,-7.172457534934143
mouse,25,580,174.0,tm_only,23.873415201938222,24.33483707261577,0.4614218706775475,24.333186904516765,0.45977170257854283
mouse,25,580,174.0,full_node,23.873415201938222,24.480481285617568,0.6070660836793458,24.44009395079681,0.5666787488585889
mouse,25,600,180.0,stent,23.873415201938222,16.42487108791722,-7.448544114021001,16.691559352716457,-7.1818558492217655
mouse,25,600,180.0,tm_only,23.873415201938222,24.298479931115885,0.425064729177663,24.315227296484696,0.4418120945464743
mouse,25,600,180.0,full_node,23.873415201938222,24.412029183869077,0.5386139819308546,24.424760675276488,0.5513454733382659
mouse,25,620,186.0,stent,23.873415201938222,16.685197225337546,-7.188217976600676,16.67387545775796,-7.199539744180264
mouse,25,620,186.0,tm_only,23.873415201938222,24.312364885722435,0.4389496837842124,24.32918961564194,0.4557744137037183
mouse,25,620,186.0,full_node,23.873415201938222,24.38177155634282,0.5083563544045973,24.4125724626484,0.5391572607101764
mouse,25,640,192.0,stent,23.873415201938222,16.911558060019104,-6.961857141919118,16.934972511767974,-6.938442690170248
mouse,25,640,192.0,tm_only,23.873415201938222,24.376724030087495,0.5033088281492724,24.352018279402177,0.4786030774639549
mouse,25,640,192.0,full_node,23.873415201938222,24.443916647733303,0.570501445795081,24.439200141328467,0.5657849393902445
mouse,25,660,198.0,stent,23.873415201938222,17.20816224994727,-6.665252951990951,16.94259799895232,-6.930817202985903
mouse,25,660,198.0,tm_only,23.873415201938222,24.36696592239661,0.4935507204583871,24.360429323605924,0.48701412166770197
mouse,25,660,198.0,full_node,23.873415201938222,24.491912219909267,0.6184970179710447,24.45237834407952,0.5789631421412977
mouse,25,680,204.0,stent,23.873415201938222,16.70807368689058,-7.165341515047643,16.994560591997452,-6.87885460994077
mouse,25,680,204.0,tm_only,23.873415201938222,24.33759801833367,0.46418281639544645,24.357576641720808,0.48416143978258575
mouse,25,680,204.0,full_node,23.873415201938222,24.42130616459599,0.5478909626577675,24.4412524317919,0.5678372298536765
mouse,25,700,210.0,stent,23.873415201938222,17.06744583915451,-6.8059693627837134,17.083228982282368,-6.790186219655855
mouse,25,700,210.0,tm_only,23.873415201938222,24.36816598443214,0.4947507824939166,24.344186344979875,0.47077114304165235
mouse,25,700,210.0,full_node,23.873415201938222,24.410538910870446,0.5371237089322243,24.403295824785527,0.5298806228473047
mouse,25,720,216.0,stent,23.873415201938222,17.47416742080201,-6.399247781136211,17.538577278539645,-6.334837923398577
mouse,25,720,216.0,tm_only,23.873415201938222,24.326795032173816,0.45337983023559403,24.328555958940598,0.45514075700237555
mouse,25,720,216.0,full_node,23.873415201938222,24.37804239889015,0.504627196951926,24.406086909326806,0.5326717073885838
mouse,25,740,222.0,stent,23.873415201938222,18.074118575662418,-5.799296626275805,17.719607141376397,-6.1538080605618255
mouse,25,740,222.0,tm_only,23.873415201938222,24.290706860215842,0.4172916582776196,24.29979822204281,0.42638302010458773
mouse,25,740,222.0,full_node,23.873415201938222,24.429679418219823,0.5562642162816012,24.41182262788921,0.5384074259509894
mouse,25,760,228.0,stent,23.873415201938222,17.610535427664757,-6.262879774273465,17.987370660058648,-5.886044541879574
mouse,25,760,228.0,tm_only,23.873415201938222,24.281892773738775,0.4084775718005531,24.284628668615397,0.4112134666771752
mouse,25,760,228.0,full_node,23.873415201938222,24.427746066557667,0.5543308646194447,24.429613849824147,0.5561986478859247
mouse,25,780,234.0,stent,23.873415201938222,18.277457976848765,-5.595957225089457,18.32735093807157,-5.546064263866651
mouse,25,780,234.0,tm_only,23.873415201938222,24.281286371891582,0.4078711699533599,24.262848765847863,0.3894335639096411
mouse,25,780,234.0,full_node,23.873415201938222,24.43141606469495,0.5580008627567281,24.369640685974204,0.4962254840359819
mouse,25,800,240.0,stent,23.873415201938222,19.094059409701195,-4.779355792237027,18.65957461489048,-5.213840587047741
mouse,25,800,240.0,tm_only,23.873415201938222,24.225367151913233,0.35195194997501034,24.232483866904502,0.35906866496628
mouse,25,800,240.0,full_node,23.873415201938222,24.24975992667,0.3763447247317764,24.293443490296266,0.4200282883580435
mouse,25,820,245.99999999999997,stent,23.873415201938222,18.60720645812148,-5.26620874381674,18.612268097839628,-5.261147104098594
mouse,25,820,245.99999999999997,tm_only,23.873415201938222,24.19079807690869,0.31738287497046613,24.225627956283287,0.3522127543450644
mouse,25,820,245.99999999999997,full_node,23.873415201938222,24.199154479523845,0.3257392775856225,24.304370965749627,0.4309557638114043
mouse,25,840,252.0,stent,23.873415201938222,18.13553842569621,-5.737876776242011,18.558015417932065,-5.315399784006157
mouse,25,840,252.0,tm_only,23.873415201938222,24.260718640027935,0.3873034380897131,24.213620700848626,0.34020549891040375
mouse,25,840,252.0,full_node,23.873415201938222,24.464198491055043,0.5907832891168212,24.29163017634157,0.4182149744033481
mouse,25,860,258.0,stent,23.873415201938222,18.9313013699785,-4.942113831959723,18.502790859220337,-5.3706243427178855
mouse,25,860,258.0,tm_only,23.873415201938222,24.189345385609258,0.31593018367103554,24.20640384164785,0.33298863970962955
mouse,25,860,258.0,full_node,23.873415201938222,24.211537558445823,0.3381223565076006,24.28120236842356,0.4077871664853383
mouse,25,880,264.0,stent,23.873415201938222,18.441532781986304,-5.4318824199519185,18.443173426501087,-5.4302417754371355
mouse,25,880,264.0,tm_only,23.873415201938222,24.169147499306355,0.2957322973681329,24.201631411655313,0.3282162097170911
mouse,25,880,264.0,full_node,23.873415201938222,24.1678710557698,0.2944558538315789,24.259794920172055,0.3863797182338331
mouse,25,900,270.0,stent,23.873415201938222,17.95668612753846,-5.916729074399761,17.959241853913447,-5.914173348024775
mouse,25,900,270.0,tm_only,23.873415201938222,24.246401350050327,0.37298614811210484,24.243495313005738,0.3700801110675158
mouse,25,900,270.0,full_node,23.873415201938222,24.399976146300553,0.5265609443623305,24.35763940349503,0.4842242015568061
mouse,25,920,276.0,stent,23.873415201938222,17.479506652215576,-6.393908549722646,17.834691684856903,-6.038723517081319
mouse,25,920,276.0,tm_only,23.873415201938222,24.31493708966053,0.44152188772230616,24.26919950327334,0.39578430133511944
mouse,25,920,276.0,full_node,23.873415201938222,24.50507100841474,0.6316558064765161,24.46996799867841,0.5965527967401876
mouse,25,940,282.0,stent,23.873415201938222,18.067882274816675,-5.805532927121547,18.15232385338294,-5.721091348555284
mouse,25,940,282.0,tm_only,23.873415201938222,24.246260070109166,0.37284486817094376,24.238544227356737,0.3651290254185149
mouse,25,940,282.0,full_node,23.873415201938222,24.504856841319935,0.6314416393817126,24.405959879262742,0.5325446773245197
mouse,25,960,288.0,stent,23.873415201938222,18.909582633116564,-4.963832568821658,18.445939084309458,-5.427476117628764
mouse,25,960,288.0,tm_only,23.873415201938222,24.154435522300524,0.28102032036230185,24.176084229563646,0.3026690276254236
mouse,25,960,288.0,full_node,23.873415201938222,24.20795178805356,0.33453658611533754,24.283280078567838,0.4098648766296158
mouse,25,980,294.0,stent,23.873415201938222,18.360352344995135,-5.513062856943087,18.360826179134367,-5.512589022803855
mouse,25,980,294.0,tm_only,23.873415201938222,24.127557096281258,0.2541418943430358,24.13485602701701,0.2614408250787861
mouse,25,980,294.0,full_node,23.873415201938222,24.137031606330005,0.263616404391783,24.155965998665152,0.2825507967269303
mouse,25,1000,300.0,stent,23.873415201938222,17.8125435592914,-6.060871642646823,17.808181324232322,-6.0652338777059
mouse,25,1000,300.0,tm_only,23.873415201938222,24.122575462469243,0.24916026053102058,24.128586839982063,0.2551716380438407
mouse,25,1000,300.0,full_node,23.873415201938222,24.122914601611892,0.2494993996736703,24.139061012525158,0.2656458105869355
mouse,25,1020,306.0,stent,23.873415201938222,17.251648068410432,-6.62176713352779,17.245525274462015,-6.6278899274762075
mouse,25,1020,306.0,tm_only,23.873415201938222,24.13562796119568,0.26221275925745857,24.145418704172886,0.2720035022346643
mouse,25,1020,306.0,full_node,23.873415201938222,24.15723682963357,0.2838216276953496,24.190329691289985,0.31691448935176325
mouse,25,1040,312.0,stent,23.873415201938222,16.67238419568422,-7.201031006254002,16.665815397605794,-7.207599804332428
mouse,25,1040,312.0,tm_only,23.873415201938222,24.178052688853743,0.30463748691552084,24.204153823006013,0.33073862106779117
mouse,25,1040,312.0,full_node,23.873415201938222,24.290837642624485,0.4174224406862628,24.341353073154128,0.4679378712159057
mouse,25,1060,318.0,stent,23.873415201938222,16.073413928722733,-7.800001273215489,16.28709648243883,-7.586318719499392
mouse,25,1060,318.0,tm_only,23.873415201938222,24.298780818968623,0.4253656170304012,24.275324285554863,0.4019090836166406
mouse,25,1060,318.0,full_node,23.873415201938222,24.57598474720433,0.7025695452661083,24.420384010193427,0.5469688082552047
mouse,25,1080,324.0,stent,23.873415201938222,16.115491322909534,-7.757923879028688,16.12315568485567,-7.750259517082551
mouse,25,1080,324.0,tm_only,23.873415201938222,24.349139348842233,0.4757241469040103,24.328526878364894,0.4551116764266716
mouse,25,1080,324.0,full_node,23.873415201938222,24.39432964075146,0.5209144388132394,24.46500860954284,0.5915934076046163
mouse,25,1100,330.0,stent,23.873415201938222,16.180561802934754,-7.692853399003468,16.178169793046518,-7.695245408891704
mouse,25,1100,330.0,tm_only,23.873415201938222,24.337660467283822,0.46424526534559973,24.327941213089304,0.4545260111510814
mouse,25,1100,330.0,full_node,23.873415201938222,24.424711440672723,0.5512962387345013,24.372029506861526,0.4986143049233043
mouse,25,1120,336.0,stent,23.873415201938222,16.23845625329527,-7.634958948642954,16.00070824665733,-7.8727069552808935
mouse,25,1120,336.0,tm_only,23.873415201938222,24.297023823141856,0.4236086212036341,24.33711892668002,0.4637037247417979
mouse,25,1120,336.0,full_node,23.873415201938222,24.297047439160387,0.42363223722216503,24.427958323772884,0.5545431218346621
mouse,25,1140,342.0,stent,23.873415201938222,15.583106683741963,-8.290308518196259,15.782980236001814,-8.090434965936408
mouse,25,1140,342.0,tm_only,23.873415201938222,24.376672489614375,0.5032572876761527,24.350439933098162,0.4770247311599398
mouse,25,1140,342.0,full_node,23.873415201938222,24.56211609148555,0.6887008895473272,24.422234703376798,0.5488195014385759
mouse,25,1160,348.0,stent,23.873415201938222,15.527377770968215,-8.346037430970007,15.532938444913862,-8.34047675702436
mouse,25,1160,348.0,tm_only,23.873415201938222,24.37762348653826,0.5042082846000362,24.387431029201704,0.5140158272634814
mouse,25,1160,348.0,full_node,23.873415201938222,24.407540579484458,0.5341253775462356,24.482953685084542,0.60953848314632
mouse,25,1180,354.0,stent,23.873415201938222,15.488330880031405,-8.385084321906817,15.473535122884053,-8.399880079054169
mouse,25,1180,354.0,tm_only,23.873415201938222,24.407997111452477,0.5345819095142552,24.38922756357604,0.515812361637817
mouse,25,1180,354.0,full_node,23.873415201938222,24.47920438428362,0.6057891823453971,24.458157457293733,0.5847422553555113
even,25,0,0.0,stent,25.388795518515217,18.340866556094998,-7.047928962420219,17.963891704840883,-7.424903813674334
even,25,0,0.0,tm_only,25.388795518515217,25.75371533791689,0.36491981940167406,25.761480149296364,0.3726846307811478
even,25,0,0.0,full_node,25.388795518515217,25.9417966849009,0.553001166385684,25.933455073094667,0.5446595545794501
even,25,20,6.0,stent,25.388795518515217,17.775404279192095,-7.613391239323121,18.152379130461078,-7.236416388054138
even,25,20,6.0,tm_only,25.388795518515217,25.765362554986105,0.3765670364708882,25.757597743606635,0.368802225091418
even,25,20,6.0,full_node,25.388795518515217,25.92928426719153,0.5404887486763137,25.93762587899781,0.5488303604825937
even,25,40,12.0,stent,25.388795518515217,18.340866556096138,-7.047928962419078,17.963891704827116,-7.4249038136881005
even,25,40,12.0,tm_only,25.388795518515217,25.753715337916898,0.36491981940168117,25.76148014929635,0.37268463078113356
even,25,40,12.0,full_node,25.388795518515217,25.941796684901004,0.553001166385787,25.933455073094688,0.5446595545794715
even,25,60,18.0,stent,25.388795518515217,17.77540427919311,-7.613391239322105,18.152379130462176,-7.2364163880530405
even,25,60,18.0,tm_only,25.388795518515217,25.76536255498605,0.3765670364708349,25.757597743606627,0.3688022250914109
even,25,60,18.0,full_node,25.388795518515217,25.92928426719153,0.5404887486763137,25.937625878997846,0.5488303604826292
even,25,80,24.0,stent,25.388795518515217,18.340866556097275,-7.0479289624179415,17.9638917048284,-7.424903813686818
even,25,80,24.0,tm_only,25.388795518515217,25.753715337916933,0.3649198194017167,25.761480149296347,0.37268463078113
even,25,80,24.0,full_node,25.388795518515217,25.941796684901004,0.553001166385787,25.933455073094688,0.5446595545794715
even,25,100,30.0,stent,25.388795518515217,17.77540427919481,-7.613391239320407,18.152379130463626,-7.236416388051591
even,25,100,30.0,tm_only,25.388795518515217,25.765362554986048,0.37656703647083134,25.757597743606656,0.36880222509143934
even,25,100,30.0,full_node,25.388795518515217,25.92928426719153,0.5404887486763137,25.937625878997846,0.5488303604826292
even,25,120,36.0,stent,25.388795518515217,18.340866556098796,-7.047928962416421,17.96389170483015,-7.4249038136850665
even,25,120,36.0,tm_only,25.388795518515217,25.753715337916987,0.36491981940177,25.7614801492964,0.3726846307811833
even,25,120,36.0,full_node,25.388795518515217,25.941796684901004,0.553001166385787,25.933455073094688,0.5446595545794715
even,25,140,42.0,stent,25.388795518515217,17.77540427919685,-7.613391239318368,18.152379130465572,-7.236416388049644
even,25,140,42.0,tm_only,25.388795518515217,25.76536255498616,0.376567036470945,25.757597743606713,0.3688022250914962
even,25,140,42.0,full_node,25.388795518515217,25.92928426719153,0.5404887486763137,25.937625878997846,0.5488303604826292
even,25,160,48.0,stent,25.388795518515217,18.340866556101076,-7.04792896241414,17.963891704832722,-7.424903813682494
even,25,160,48.0,tm_only,25.388795518515217,25.75371533791699,0.36491981940177354,25.76148014929642,0.3726846307812046
even,25,160,48.0,full_node,25.388795518515217,25.941796684901004,0.553001166385787,25.933455073094688,0.5446595545794715
even,25,180,54.0,stent,25.388795518515217,17.775404279200245,-7.613391239314971,18.152379130467974,-7.2364163880472425
even,25,180,54.0,tm_only,25.388795518515217,25.765362554986105,0.3765670364708882,25.7575977436067,0.36880222509148197
even,25,180,54.0,full_node,25.388795518515217,25.92928426719153,0.5404887486763137,25.937625878997846,0.5488303604826292
even,25,200,60.0,stent,25.388795518515217,18.340866556102597,-7.04792896241262,17.9638917048347,-7.424903813680515
even,25,200,60.0,tm_only,25.388795518515217,25.753715337916997,0.36491981940178064,25.76148014929643,0.3726846307812117
even,25,200,60.0,full_node,25.388795518515217,25.941796684901004,0.553001166385787,25.933455073094688,0.5446595545794715
even,25,220,66.0,stent,25.388795518515217,17.77540427920126,-7.613391239313955,18.152379130469324,-7.2364163880458925
even,25,220,66.0,tm_only,25.388795518515217,25.76536255498618,0.3765670364709628,25.757597743606727,0.3688022250915104
even,25,220,66.0,full_node,25.388795518515217,25.92928426719153,0.5404887486763137,25.937625878997846,0.5488303604826292
even,25,240,72.0,stent,25.388795518515217,18.340866556104118,-7.047928962411099,17.96389170483498,-7.424903813680235
even,25,240,72.0,tm_only,25.388795518515217,25.75371533791701,0.36491981940179485,25.761480149296446,0.3726846307812295
even,25,240,72.0,full_node,25.388795518515217,25.941796684901004,0.553001166385787,25.933455073094688,0.5446595545794715
even,25,260,78.0,stent,25.388795518515217,17.775404279199563,-7.6133912393156535,18.152379130469644,-7.236416388045573
even,25,260,78.0,tm_only,25.388795518515217,25.765362554986144,0.37656703647092726,25.75759774360672,0.3688022250915033
even,25,260,78.0,full_node,25.388795518515217,25.92928426719153,0.5404887486763137,25.937625878997846,0.5488303604826292
even,25,280,84.0,stent,25.388795518515217,18.340866556105254,-7.047928962409962,17.963891704836264,-7.424903813678952
even,25,280,84.0,tm_only,25.388795518515217,25.753715337916997,0.36491981940178064,25.761480149296432,0.3726846307812153
even,25,280,84.0,full_node,25.388795518515217,25.941796684901004,0.553001166385787,25.933455073094688,0.5446595545794715
even,25,300,90.0,stent,25.388795518515217,17.775404279203975,-7.613391239311241,18.152379130473268,-7.236416388041949
even,25,300,90.0,tm_only,25.388795518515217,25.765362554986154,0.3765670364709379,25.757597743606723,0.36880222509150684
even,25,300,90.0,full_node,25.388795518515217,25.92928426719153,0.5404887486763137,25.937625878997846,0.5488303604826292
even,25,320,96.0,stent,25.388795518515217,18.340866556110576,-7.04792896240464,17.963891704838943,-7.4249038136762735
even,25,320,96.0,tm_only,25.388795518515217,25.753715337917015,0.3649198194017984,25.761480149296442,0.37268463078122593
even,25,320,96.0,full_node,25.388795518515217,25.941796684901004,0.553001166385787,25.933455073094688,0.5446595545794715
even,25,340,102.0,stent,25.388795518515217,17.775404279202277,-7.613391239312939,18.152379130474223,-7.236416388040993
even,25,340,102.0,tm_only,25.388795518515217,25.765362554986147,0.3765670364709308,25.757597743606727,0.3688022250915104
even,25,340,102.0,full_node,25.388795518515217,25.92928426719153,0.5404887486763137,25.937625878997846,0.5488303604826292
even,25,360,108.0,stent,25.388795518515217,18.340866556109816,-7.0479289624054005,17.963891704839597,-7.42490381367562
even,25,360,108.0,tm_only,25.388795518515217,25.753715337917026,0.36491981940180906,25.761480149296414,0.3726846307811975
even,25,360,108.0,full_node,25.388795518515217,25.941796684901004,0.553001166385787,25.933455073094688,0.5446595545794715
even,25,380,114.0,stent,25.388795518515217,17.775404279206693,-7.613391239308523,18.152379130476582,-7.236416388038634
even,25,380,114.0,tm_only,25.388795518515217,25.765362554986073,0.3765670364708562,25.7575977436067,0.36880222509148197
even,25,380,114.0,full_node,25.388795518515217,25.92928426719153,0.5404887486763137,25.937625878997846,0.5488303604826292
even,25,400,120.0,stent,25.388795518515217,18.340866556113234,-7.047928962401983,17.963891704842318,-7.424903813672898
even,25,400,120.0,tm_only,25.388795518515217,25.753715337917008,0.3649198194017913,25.7614801492964,0.3726846307811833
even,25,400,120.0,full_node,25.388795518515217,25.941796684901004,0.553001166385787,25.933455073094688,0.5446595545794715
even,25,420,126.0,stent,25.388795518515217,17.77540427920703,-7.613391239308186,18.15237913047771,-7.236416388037508
even,25,420,126.0,tm_only,25.388795518515217,25.765362554986115,0.37656703647089884,25.7575977436067,0.36880222509148197
even,25,420,126.0,full_node,25.388795518515217,25.92928426719153,0.5404887486763137,25.937625878997846,0.5488303604826292
even,25,440,132.0,stent,25.388795518515217,18.340866556112854,-7.047928962402363,17.96389170484208,-7.4249038136731365
even,25,440,132.0,tm_only,25.388795518515217,25.753715337916972,0.3649198194017558,25.761480149296393,0.3726846307811762
even,25,440,132.0,full_node,25.388795518515217,25.941796684901004,0.553001166385787,25.933455073094688,0.5446595545794715
even,25,460,138.0,stent,25.388795518515217,17.775404279206356,-7.613391239308861,18.15237913047748,-7.2364163880377355
even,25,460,138.0,tm_only,25.388795518515217,25.7653625549861,0.37656703647088463,25.75759774360668,0.3688022250914642
even,25,460,138.0,full_node,25.388795518515217,25.92928426719153,0.5404887486763137,25.937625878997846,0.5488303604826292
even,25,480,144.0,stent,25.388795518515217,18.340866556113234,-7.047928962401983,17.963891704842094,-7.424903813673122
even,25,480,144.0,tm_only,25.388795518515217,25.753715337916972,0.3649198194017558,25.761480149296403,0.37268463078118685
even,25,480,144.0,full_node,25.388795518515217,25.941796684901004,0.553001166385787,25.933455073094688,0.5446595545794715
even,25,500,150.0,stent,25.388795518515217,17.775404279206693,-7.613391239308523,18.152379130479744,-7.236416388035472
even,25,500,150.0,tm_only,25.388795518515217,25.765362554986133,0.3765670364709166,25.75759774360671,0.36880222509149263
even,25,500,150.0,full_node,25.388795518515217,25.92928426719153,0.5404887486763137,25.937625878997846,0.5488303604826292
even,25,520,156.0,stent,25.388795518515217,18.340866556119312,-7.047928962395904,17.963891704845818,-7.424903813669399
even,25,520,156.0,tm_only,25.388795518515217,25.75371533791702,0.36491981940180196,25.761480149296432,0.3726846307812153
even,25,520,156.0,full_node,25.388795518515217,25.941796684901004,0.553001166385787,25.933455073094688,0.5446595545794715
even,25,540,162.0,stent,25.388795518515217,17.775404279211447,-7.61339123930377,18.152379130483737,-7.236416388031479
even,25,540,162.0,tm_only,25.388795518515217,25.765362554986137,0.37656703647092016,25.7575977436067,0.36880222509148197
even,25,540,162.0,full_node,25.388795518515217,25.92928426719153,0.5404887486763137,25.937625878997846,0.5488303604826292
even,25,560,168.0,stent,25.388795518515217,18.340866556120453,-7.047928962394764,17.963891704848237,-7.42490381366698
even,25,560,168.0,tm_only,25.388795518515217,25.753715337916944,0.36491981940172735,25.761480149296403,0.37268463078118685
even,25,560,168.0,full_node,25.388795518515217,25.941796684901004,0.553001166385787,25.933455073094688,0.5446595545794715
even,25,580,174.0,stent,25.388795518515217,17.775404279212804,-7.613391239302413,18.15237913048419,-7.236416388031028
even,25,580,174.0,tm_only,25.388795518515217,25.76536255498612,0.3765670364709024,25.757597743606677,0.36880222509146066
even,25,580,174.0,full_node,25.388795518515217,25.92928426719153,0.5404887486763137,25.937625878997846,0.5488303604826292
even,25,600,180.0,stent,25.388795518515217,18.340866556119312,-7.047928962395904,17.963891704849214,-7.424903813666003
even,25,600,180.0,tm_only,25.388795518515217,25.75371533791696,0.3649198194017451,25.761480149296414,0.3726846307811975
even,25,600,180.0,full_node,25.388795518515217,25.941796684901004,0.553001166385787,25.933455073094688,0.5446595545794715
even,25,620,186.0,stent,25.388795518515217,17.775404279215522,-7.613391239299695,18.152379130485095,-7.236416388030122
even,25,620,186.0,tm_only,25.388795518515217,25.76536255498615,0.37656703647093437,25.7575977436067,0.36880222509148197
even,25,620,186.0,full_node,25.388795518515217,25.92928426719153,0.5404887486763137,25.937625878997846,0.5488303604826292
even,25,640,192.0,stent,25.388795518515217,18.340866556120453,-7.047928962394764,17.9638917048505,-7.4249038136647165
even,25,640,192.0,tm_only,25.388795518515217,25.75371533791699,0.36491981940177354,25.76148014929642,0.3726846307812046
even,25,640,192.0,full_node,25.388795518515217,25.941796684901004,0.553001166385787,25.933455073094688,0.5446595545794715
even,25,660,198.0,stent,25.388795518515217,17.775404279215522,-7.613391239299695,18.152379130486995,-7.236416388028221
even,25,660,198.0,tm_only,25.388795518515217,25.76536255498612,0.3765670364709024,25.75759774360671,0.36880222509149263
even,25,660,198.0,full_node,25.388795518515217,25.92928426719153,0.5404887486763137,25.937625878997846,0.5488303604826292
even,25,680,204.0,stent,25.388795518515217,18.34086655612501,-7.0479289623902055,17.963891704852696,-7.424903813662521
even,25,680,204.0,tm_only,25.388795518515217,25.753715337917008,0.3649198194017913,25.761480149296414,0.3726846307811975
even,25,680,204.0,full_node,25.388795518515217,25.941796684901004,0.553001166385787,25.933455073094688,0.5446595545794715
even,25,700,210.0,stent,25.388795518515217,17.775404279217558,-7.613391239297659,18.1523791304897,-7.236416388025518
even,25,700,210.0,tm_only,25.388795518515217,25.765362554986112,0.3765670364708953,25.75759774360671,0.36880222509149263
even,25,700,210.0,full_node,25.388795518515217,25.92928426719153,0.5404887486763137,25.937625878997846,0.5488303604826292
even,25,720,216.0,stent,25.388795518515217,18.340866556126528,-7.0479289623886885,17.963891704854444,-7.424903813660773
even,25,720,216.0,tm_only,25.388795518515217,25.753715337917008,0.3649198194017913,25.761480149296407,0.3726846307811904
even,25,720,216.0,full_node,25.388795518515217,25.941796684901004,0.553001166385787,25.933455073094688,0.5446595545794715
even,25,740,222.0,stent,25.388795518515217,17.775404279219252,-7.613391239295964,18.152379130491152,-7.236416388024065
even,25,740,222.0,tm_only,25.388795518515217,25.765362554986105,0.3765670364708882,25.75759774360672,0.3688022250915033
even,25,740,222.0,full_node,25.388795518515217,25.92928426719153,0.5404887486763137,25.937625878997846,0.5488303604826292
even,25,760,228.0,stent,25.388795518515217,18.340866556127672,-7.0479289623875445,17.96389170485517,-7.424903813660048
even,25,760,228.0,tm_only,25.388795518515217,25.753715337917047,0.3649198194018304,25.761480149296418,0.37268463078120107
even,25,760,228.0,full_node,25.388795518515217,25.941796684901004,0.553001166385787,25.933455073094688,0.5446595545794715
even,25,780,234.0,stent,25.388795518515217,17.775404279218577,-7.613391239296639,18.152379130491813,-7.236416388023404
even,25,780,234.0,tm_only,25.388795518515217,25.765362554986094,0.3765670364708775,25.75759774360671,0.36880222509149263
even,25,780,234.0,full_node,25.388795518515217,25.92928426719153,0.5404887486763137,25.937625878997846,0.5488303604826292
even,25,800,240.0,stent,25.388795518515217,18.34086655612919,-7.0479289623860275,17.963891704857822,-7.424903813657394
even,25,800,240.0,tm_only,25.388795518515217,25.75371533791698,0.3649198194017629,25.761480149296386,0.3726846307811691
even,25,800,240.0,full_node,25.388795518515217,25.941796684901004,0.553001166385787,25.933455073094688,0.5446595545794715
even,25,820,245.99999999999997,stent,25.388795518515217,17.775404279225704,-7.613391239289513,18.152379130495074,-7.236416388020142
even,25,820,245.99999999999997,tm_only,25.388795518515217,25.76536255498609,0.376567036470874,25.757597743606677,0.36880222509146066
even,25,820,245.99999999999997,full_node,25.388795518515217,25.92928426719153,0.5404887486763137,25.937625878997846,0.5488303604826292
even,25,840,252.0,stent,25.388795518515217,18.34086655613033,-7.047928962384887,17.96389170485956,-7.424903813655657
even,25,840,252.0,tm_only,25.388795518515217,25.753715337916955,0.364919819401738,25.761480149296364,0.3726846307811478
even,25,840,252.0,full_node,25.388795518515217,25.941796684901004,0.553001166385787,25.933455073094688,0.5446595545794715
even,25,860,258.0,stent,25.388795518515217,17.77540427922265,-7.613391239292568,18.15237913049545,-7.236416388019766
even,25,860,258.0,tm_only,25.388795518515217,25.76536255498606,0.376567036470842,25.757597743606663,0.36880222509144645
even,25,860,258.0,full_node,25.388795518515217,25.92928426719153,0.5404887486763137,25.937625878997846,0.5488303604826292
even,25,880,264.0,stent,25.388795518515217,18.34086655613337,-7.047928962381846,17.963891704860913,-7.4249038136543035
even,25,880,264.0,tm_only,25.388795518515217,25.75371533791698,0.3649198194017629,25.761480149296357,0.37268463078114067
even,25,880,264.0,full_node,25.388795518515217,25.941796684901004,0.553001166385787,25.933455073094688,0.5446595545794715
even,25,900,270.0,stent,25.388795518515217,17.775404279226724,-7.613391239288493,18.152379130499217,-7.236416388016
even,25,900,270.0,tm_only,25.388795518515217,25.765362554986027,0.37656703647081,25.757597743606663,0.36880222509144645
even,25,900,270.0,full_node,25.388795518515217,25.92928426719153,0.5404887486763137,25.937625878997846,0.5488303604826292
even,25,920,276.0,stent,25.388795518515217,18.34086655613755,-7.047928962377668,17.963891704864007,-7.424903813651209
even,25,920,276.0,tm_only,25.388795518515217,25.753715337916972,0.3649198194017558,25.76148014929636,0.3726846307811442
even,25,920,276.0,full_node,25.388795518515217,25.941796684901004,0.553001166385787,25.933455073094688,0.5446595545794715
even,25,940,282.0,stent,25.388795518515217,17.775404279227743,-7.613391239287473,18.15237913050082,-7.236416388014398
even,25,940,282.0,tm_only,25.388795518515217,25.76536255498608,0.3765670364708633,25.75759774360667,0.36880222509145355
even,25,940,282.0,full_node,25.388795518515217,25.92928426719153,0.5404887486763137,25.937625878997846,0.5488303604826292
even,25,960,288.0,stent,25.388795518515217,18.340866556137165,-7.047928962378052,17.96389170486467,-7.424903813650548
even,25,960,288.0,tm_only,25.388795518515217,25.75371533791696,0.3649198194017451,25.761480149296364,0.3726846307811478
even,25,960,288.0,full_node,25.388795518515217,25.941796684901004,0.553001166385787,25.933455073094688,0.5446595545794715
even,25,980,294.0,stent,25.388795518515217,17.7754042792291,-7.613391239286116,18.15237913050089,-7.236416388014327
even,25,980,294.0,tm_only,25.388795518515217,25.765362554986048,0.37656703647083134,25.757597743606663,0.36880222509144645
even,25,980,294.0,full_node,25.388795518515217,25.92928426719153,0.5404887486763137,25.937625878997846,0.5488303604826292
even,25,1000,300.0,stent,25.388795518515217,18.340866556136408,-7.047928962378808,17.963891704865322,-7.424903813649895
even,25,1000,300.0,tm_only,25.388795518515217,25.753715337916965,0.36491981940174867,25.761480149296386,0.3726846307811691
even,25,1000,300.0,full_node,25.388795518515217,25.941796684901004,0.553001166385787,25.933455073094688,0.5446595545794715
even,25,1020,306.0,stent,25.388795518515217,17.775404279230457,-7.613391239284759,18.152379130501977,-7.2364163880132395
even,25,1020,306.0,tm_only,25.388795518515217,25.765362554986144,0.37656703647092726,25.7575977436067,0.36880222509148197
even,25,1020,306.0,full_node,25.388795518515217,25.92928426719153,0.5404887486763137,25.937625878997846,0.5488303604826292
even,25,1040,312.0,stent,25.388795518515217,18.34086655613907,-7.047928962376147,17.963891704865755,-7.424903813649461
even,25,1040,312.0,tm_only,25.388795518515217,25.75371533791698,0.3649198194017629,25.761480149296407,0.3726846307811904
even,25,1040,312.0,full_node,25.388795518515217,25.941796684901004,0.553001166385787,25.933455073094688,0.5446595545794715
even,25,1060,318.0,stent,25.388795518515217,17.775404279227743,-7.613391239287473,18.1523791305031,-7.236416388012117
even,25,1060,318.0,tm_only,25.388795518515217,25.7653625549861,0.37656703647088463,25.75759774360668,0.3688022250914642
even,25,1060,318.0,full_node,25.388795518515217,25.92928426719153,0.5404887486763137,25.937625878997846,0.5488303604826292
even,25,1080,324.0,stent,25.388795518515217,18.340866556142487,-7.04792896237273,17.9638917048678,-7.424903813647415
even,25,1080,324.0,tm_only,25.388795518515217,25.753715337916955,0.364919819401738,25.7614801492964,0.3726846307811833
even,25,1080,324.0,full_node,25.388795518515217,25.941796684901004,0.553001166385787,25.933455073094688,0.5446595545794715
even,25,1100,330.0,stent,25.388795518515217,17.77540427923317,-7.613391239282045,18.15237913050592,-7.236416388009296
even,25,1100,330.0,tm_only,25.388795518515217,25.765362554986137,0.37656703647092016,25.757597743606663,0.36880222509144645
even,25,1100,330.0,full_node,25.388795518515217,25.92928426719153,0.5404887486763137,25.937625878997846,0.5488303604826292
even,25,1120,336.0,stent,25.388795518515217,18.340866556142107,-7.04792896237311,17.963891704869823,-7.424903813645393
even,25,1120,336.0,tm_only,25.388795518515217,25.753715337916898,0.36491981940168117,25.76148014929639,0.37268463078117264
even,25,1120,336.0,full_node,25.388795518515217,25.941796684901004,0.553001166385787,25.933455073094688,0.5446595545794715
even,25,1140,342.0,stent,25.388795518515217,17.77540427923419,-7.613391239281025,18.15237913050626,-7.236416388008955
even,25,1140,342.0,tm_only,25.388795518515217,25.765362554986133,0.3765670364709166,25.757597743606624,0.36880222509140737
even,25,1140,342.0,full_node,25.388795518515217,25.92928426719153,0.5404887486763137,25.937625878997846,0.5488303604826292
even,25,1160,348.0,stent,25.388795518515217,18.340866556142487,-7.04792896237273,17.963891704870743,-7.424903813644473
even,25,1160,348.0,tm_only,25.388795518515217,25.75371533791684,0.3649198194016243,25.761480149296357,0.37268463078114067
even,25,1160,348.0,full_node,25.388795518515217,25.941796684901004,0.553001166385787,25.933455073094706,0.5446595545794892
even,25,1180,354.0,stent,25.388795518515217,17.775404279235552,-7.6133912392796645,18.152379130491013,-7.236416388024203
even,25,1180,354.0,tm_only,25.388795518515217,25.7653625549861,0.37656703647088463,25.75759774360661,0.36880222509139315
even,25,1180,354.0,full_node,25.388795518515217,25.929284267191576,0.5404887486763599,25.937625878997824,0.5488303604826079
