iop_min,iop_max,rtm_min,rtm_max,slope
8.0,11.599797289833898,0.0,0.1,0.027779341987507918
11.599797289833898,11.828054086834106,0.1,0.2,0.4381030546043667
11.828054086834106,12.0479861656738,0.2,0.30000000000000004,0.45468583086003084
12.0479861656738,12.262907885544196,0.30000000000000004,0.4,0.46528568662256475
12.262907885544196,12.474473165936876,0.4,0.5,0.4726673479428807
12.474473165936876,12.683681473845432,0.5,0.6,0.4779924898762128
12.683681473845432,12.891190002495991,0.6,0.7000000000000001,0.4819079034982635
12.891190002495991,13.097454321951624,0.7000000000000001,0.8,0.4848148252878508
13.097454321951624,13.302802779757519,0.8,0.9,0.48697711718158865
13.302802779757519,13.507479586678542,0.9,1.0,0.48857514197290547
13.507479586678542,13.711671324140871,1.0,1.1,0.48973578090273523
13.711671324140871,13.915524004358048,1.1,1.2000000000000002,0.4905503321980569
13.915524004358048,14.11915445331964,1.2000000000000002,1.3000000000000003,0.49108569229183285
14.11915445331964,14.322658140725185,1.3000000000000003,1.4000000000000001,0.4913915874198303
14.322658140725185,14.526114712576799,1.4000000000000001,1.5000000000000002,0.4915053816641152
14.526114712576799,14.729591998730108,1.5000000000000002,1.6,0.4914553456578715
14.729591998730108,14.933148985463518,1.6,1.7000000000000002,0.4912629215275508
14.933148985463518,15.136838073957204,1.7000000000000002,1.8000000000000003,0.490944314884594
15.136838073957204,15.340706839857326,1.8000000000000003,1.9000000000000001,0.49051162672457255
15.340706839857326,15.544799441605484,1.9000000000000001,2.0,0.48997366461816066
15.544799441605484,15.749157781724922,2.0,2.1,0.489336524956872
15.749157781724922,15.95382249625964,2.1,2.2,0.4886040088900444
15.95382249625964,16.15883382775759,2.2,2.3000000000000003,0.48777791583193597
16.15883382775759,16.36423242459504,2.3000000000000003,2.4000000000000004,0.4868582431414481
16.36423242459504,16.570060099896203,2.4000000000000004,2.5000000000000004,0.48584331457702473
16.570060099896203,16.776360577526376,2.5000000000000004,2.6,0.4847298520523355
16.776360577526376,16.983180247776858,2.6,2.7,0.48351300376259543
16.983180247776858,17.190568951091272,2.7,2.8000000000000003,0.48218634092327417
17.190568951091272,17.3985808008274,2.8000000000000003,2.9000000000000004,0.4807418429616129
17.3985808008274,17.607275036715485,2.9000000000000004,3.0000000000000004,0.4791699184908307
17.607275036715485,17.816716659999344,3.0000000000000004,3.1,0.4774600121603749
17.816716659999344,18.02697966522517,3.1,3.2,0.4755948384386415
18.02697966522517,18.238147573254977,3.2,3.3000000000000003,0.4735568057334004
18.238147573254977,18.45024557236695,3.3000000000000003,3.4000000000000004,0.4714801668034954
18.45024557236695,18.663505353926872,3.4000000000000004,3.5000000000000004,0.4689116685224652
18.663505353926872,18.877985013613763,3.5000000000000004,3.6,0.4662446786142106
18.877985013613763,19.09382058432182,3.6,3.7,0.4633156604907476
19.09382058432182,19.311167990621104,3.7,3.8000000000000003,0.4600929070315233
19.311167990621104,19.530206643951523,3.8000000000000003,3.9000000000000004,0.45654042553462326
19.530206643951523,19.751143782394596,3.9000000000000004,4.0,0.45261743093393836
19.751143782394596,19.974219751658076,4.0,4.1,0.4482777787771819
19.974219751658076,20.199714492572664,4.1,4.2,0.4434693225855686
20.199714492572664,20.427955842319484,4.2,4.3,0.4381327051865311
20.427955842319484,20.659329750968368,4.3,4.3999999999999995,0.43220085006106884
20.659329750968368,20.894192050798885,4.3999999999999995,4.5,0.4257814049856578
20.894192050798885,21.133203414587403,4.5,4.6,0.4183901485474221
21.133203414587403,21.376934928620756,4.6,4.7,0.4102875264062741
21.376934928620756,21.62612943997578,4.7,4.8,0.40129294765056267
21.62612943997578,21.881670937277264,4.8,4.9,0.39132587488138004
21.881670937277264,22.144564876121507,4.9,5.0,0.38038153500087585
22.144564876121507,22.4159845206957,5.0,5.1,0.3684331698130414
22.4159845206957,22.697303093135105,5.1,5.2,0.3554688875777685
22.697303093135105,22.99054608723027,5.2,5.3,0.3410141146204044
22.99054608723027,23.2964448210056,5.3,5.4,0.32690557023830835
23.2964448210056,23.61838734484717,5.4,5.5,0.3106144500787041
23.61838734484717,23.94658610266555,5.5,5.6,0.3046934140297352
23.94658610266555,24.26688991116651,5.6,5.7,0.3122035934196548
24.26688991116651,24.572835350488173,5.7,5.8,0.32685566492416873
24.572835350488173,24.866360951528776,5.8,5.9,0.3406857856537281
24.866360951528776,25.136623133915958,5.9,6.0,0.3700110726432978
25.136623133915958,25.44341495454444,6.0,6.1,0.32595393122001476
25.44341495454444,25.74132061465977,6.1,6.2,0.33567673726402875
25.74132061465977,26.031935604214702,6.2,6.3,0.34409787379909973
26.031935604214702,26.31626361985475,6.3,6.4,0.3517064604938453
26.31626361985475,26.59620971434743,6.4,6.5,0.3572116274071282
26.59620971434743,26.87555638509387,6.5,6.6,0.35797813424012204
26.87555638509387,27.154974518100833,6.6,6.7,0.3578865799576022
27.154974518100833,27.43730429446988,6.7,6.8,0.35419572560169865
27.43730429446988,27.72596822115493,6.8,6.9,0.3464236115276939
27.72596822115493,28.01860765819606,6.9,7.0,0.34171744249885316
28.01860765819606,28.313057293312053,7.0,7.1,0.33961665451073436
28.313057293312053,28.613308254277786,7.1,7.2,0.3330547208853498
28.613308254277786,28.904959781860487,7.2,7.3,0.3428749399285884
28.904959781860487,29.182894197547498,7.3,7.4,0.35979711167764605
29.182894197547498,29.44890965841228,7.4,7.5,0.3759179999347122
29.44890965841228,29.703718153765966,7.5,7.6,0.39245159334736895
29.703718153765966,29.949672525892524,7.6,7.7,0.40657947706066616
29.949672525892524,30.18797743700646,7.7,7.8,0.41963046221984385
30.18797743700646,30.420243926375782,7.8,7.9,0.4305399382904189
30.420243926375782,30.648179461234896,7.9,8.0,0.43872053588225846
30.648179461234896,30.874412970959895,8.0,8.1,0.44202116707447986
30.874412970959895,31.100501691578962,8.1,8.2,0.4423042411235002
31.100501691578962,31.326491687775295,8.2,8.3,0.44249746308736904
31.326491687775295,31.552390642359526,8.3,8.4,0.44267579805338386
31.552390642359526,31.77820197605288,8.4,8.5,0.44284756820841004
31.77820197605288,32.00392814231107,8.5,8.6,0.4430146564648548
32.00392814231107,32.22957150166346,8.6,8.7,0.4431772345838402
32.22957150166346,32.45513432615567,8.7,8.8,0.44333546640551486
32.45513432615567,32.680618803519536,8.8,8.9,0.44348950832047684
32.680618803519536,32.90602704113778,8.9,9.0,0.44363950961437576
32.90602704113778,33.13136106975841,9.0,9.1,0.4437856129060684
33.13136106975841,33.35662284701297,9.1,9.2,0.4439279544837904
33.35662284701297,33.58181426073058,9.2,9.3,0.44406666466156375
33.58181426073058,33.80693713209442,9.3,9.4,0.44420186804735007
33.80693713209442,34.03199321858348,9.4,9.5,0.44433368392753925
34.03199321858348,34.256984216807794,9.5,9.6,0.44446222644116895
34.256984216807794,34.48191176515523,9.6,9.700000000000001,0.44458760491860644
34.48191176515523,34.70677744631076,9.700000000000001,9.8,0.4447099241028019
34.70677744631076,34.931582789651024,9.8,9.9,0.4448292843673204
34.931582789651024,35.156329273502124,9.9,10.0,0.4449457819604972
35.156329273502124,35.38101832729277,10.0,10.1,0.4450595091880787
35.38101832729277,35.605651333588014,10.1,10.200000000000001,0.44517055462708
35.605651333588014,35.83022963003581,10.200000000000001,10.3,0.4452790032773504
35.83022963003581,36.054754511197594,10.3,10.4,0.44538493677207835
36.054754511197594,36.27922723030258,10.4,10.5,0.44548843351083967
36.27922723030258,36.503649000913406,10.5,10.6,0.44558956881866957
36.503649000913406,36.72802099849963,10.6,10.700000000000001,0.445688415113263
36.72802099849963,36.952344361956804,10.700000000000001,10.8,0.44578504199849406
36.952344361956804,37.17662019503403,10.8,10.9,0.44587951643262796
37.17662019503403,37.4008495676959,10.9,11.0,0.4459719028460981
37.4008495676959,37.62503351744036,11.0,11.1,0.4460622632172713
37.62503351744036,37.84917305052706,11.1,11.200000000000001,0.44615065723957076
37.84917305052706,38.07326914316764,11.200000000000001,11.3,0.4462371423868753
38.07326914316764,38.297322742653186,11.3,11.4,0.4463217740291287
38.297322742653186,38.521334768444085,11.4,11.5,0.4464046054980261
38.521334768444085,38.74530611318306,11.5,11.6,0.44648568823186935
38.74530611318306,38.96923764369377,11.6,11.700000000000001,0.44656507179643534
38.96923764369377,39.19313020192065,11.700000000000001,11.8,0.4466428039946987
39.19313020192065,39.41698460582056,11.8,11.9,0.44671893095618187
39.41698460582056,39.640801650231644,11.9,12.0,0.4467934971758878
39.640801650231644,39.86458210768919,12.0,12.1,0.4468665456141184
39.86458210768919,40.08832672922186,12.1,12.200000000000001,0.44693811772989633
40.08832672922186,40.31203624509781,12.200000000000001,12.3,0.44700825357582397
40.31203624509781,40.5357113655584,12.3,12.4,0.44707699181777594
40.5357113655584,40.75935278148956,12.4,12.5,0.4471443698549114
40.75935278148956,40.98296116511256,12.5,12.6,0.44721042377640435
40.98296116511256,41.20653717059281,12.6,12.700000000000001,0.44727518852123194
41.20653717059281,41.43008143467206,12.700000000000001,12.8,0.4473386978274131
41.43008143467206,41.65359457723859,12.8,12.9,0.4474009843525571
41.65359457723859,41.87707720189023,12.9,13.0,0.44746207968462226
41.87707720189023,42.100529896486854,13.0,13.1,0.4475220143597704
42.100529896486854,42.32395323364373,13.1,13.200000000000001,0.447580817977792
42.32395323364373,42.54734777124822,13.200000000000001,13.3,0.44763851915235503
42.54734777124822,42.77071405293161,13.3,13.4,0.44769514559831575
42.77071405293161,42.99405260851856,13.4,13.5,0.4477507241738572
42.99405260851856,43.21736395448551,13.5,13.6,0.44780528086019067
43.21736395448551,43.4406485943662,13.6,13.700000000000001,0.44785884086534633
43.4406485943662,43.66390701916677,13.700000000000001,13.8,0.447911428602647
43.66390701916677,43.88713970776577,13.8,13.9,0.4479630677191451
43.88713970776577,44.11034712727859,13.9,14.0,0.4480137811649093
44.11034712727859,44.33352973342595,14.0,14.1,0.44806359118314293
44.33352973342595,44.55668797088567,14.1,14.200000000000001,0.448112519342025
44.55668797088567,44.77982227362693,14.200000000000001,14.3,0.4481605865681607
44.77982227362693,45.00293306523265,14.3,14.4,0.44820781316897984
45.00293306523265,45.22602075921706,14.4,14.5,0.44825421884089917
45.22602075921706,45.44908575932435,14.5,14.6,0.4482998227059442
45.44908575932435,45.67212845981901,14.6,14.700000000000001,0.4483446433271461
45.67212845981901,45.895149245760365,14.700000000000001,14.8,0.44838869873902226
45.895149245760365,46.118148493283954,14.8,14.9,0.44843200643276443
46.118148493283954,46.3411265698492,14.9,15.0,0.44847458342272345
46.3411265698492,46.56408383450934,15.0,15.1,0.4485164462007246
46.56408383450934,46.78702063812398,15.1,15.200000000000001,0.448557610850378
46.78702063812398,47.009937323623404,15.200000000000001,15.3,0.4485980929420218
47.009937323623404,47.23283422621835,15.3,15.4,0.4486379076416413
47.23283422621835,47.45571167362333,15.4,15.5,0.448677069682588
47.45571167362333,47.67856998626209,15.5,15.6,0.4487155934007818
47.67856998626209,47.90140947747714,15.6,15.700000000000001,0.4487534927258382
47.90140947747714,48.12423045372567,15.700000000000001,15.8,0.4487907812075083
48.12423045372567,48.34703321476504,15.8,15.9,0.44882747203626505
48.34703321476504,48.56981805384534,15.9,16.0,0.44886357802811255
48.56981805384534,48.79258525787754,16.0,16.1,0.4488991116733053
48.79258525787754,49.015335107613915,16.1,16.200000000000003,0.44893408511095345
49.015335107613915,49.23806787780303,16.200000000000003,16.3,0.44896851017966355
49.23806787780303,49.460783837363934,16.3,16.400000000000002,0.4490023983784456
49.460783837363934,49.68348324953813,16.400000000000002,16.500000000000004,0.44903576091068503
49.68348324953813,49.906166372032665,16.500000000000004,16.6,0.44906860870181603
49.906166372032665,50.12883345717054,16.6,16.700000000000003,0.44910095238404935
50.12883345717054,50.35148475204081,16.700000000000003,16.8,0.4491328022963662
50.35148475204081,50.574120498616125,16.8,16.900000000000002,0.4491641685499642
50.574120498616125,50.79674093391043,16.900000000000002,17.000000000000004,0.44919506094668277
50.79674093391043,51.0193462900768,17.000000000000004,17.1,0.44922548909946564
51.0193462900768,51.2419367945605,17.1,17.200000000000003,0.4492554623205955
51.2419367945605,51.46451267020407,17.200000000000003,17.3,0.4492849897180056
51.46451267020407,51.6870741353633,17.3,17.400000000000002,0.44931408017313296
51.6870741353633,51.9096214040374,17.400000000000002,17.500000000000004,0.4493427423117004
51.9096214040374,52.132154685947974,17.500000000000004,17.6,0.44937098460707725
52.132154685947974,52.354674186674664,17.6,17.700000000000003,0.44939881526530295
52.354674186674664,52.57718010774566,17.700000000000003,17.8,0.449426242315996
52.57718010774566,52.7996726467366,17.8,17.900000000000002,0.44945327359526765
52.7996726467366,53.02215199737622,17.900000000000002,18.000000000000004,0.4494799167316271
53.02215199737622,53.244618349628674,18.000000000000004,18.1,0.44950617919297015
53.244618349628674,53.467071889792855,18.1,18.200000000000003,0.4495320682520787
53.467071889792855,53.68951280059236,18.200000000000003,18.3,0.44955759100506276
53.68951280059236,53.91194126126133,18.3,18.400000000000002,0.44958275437973666
53.91194126126133,54.134357447615656,18.400000000000002,18.500000000000004,0.44960756516477224
54.134357447615656,54.35676153215326,18.500000000000004,18.6,0.44963202995083157
54.35676153215326,54.57915368412736,18.6,18.700000000000003,0.44965615518503127
54.57915368412736,54.80153406961486,18.700000000000003,18.8,0.44967994718050386
54.80153406961486,55.02390285158803,18.8,18.900000000000002,0.44970341210964276
55.02390285158803,55.24626019001744,18.900000000000002,19.000000000000004,0.44972655594072164
55.24626019001744,55.46860624189643,19.000000000000004,19.1,0.449749384596316
55.46860624189643,55.69094116135206,19.1,19.200000000000003,0.44977190377852205
55.69094116135206,55.91326509967983,19.200000000000003,19.300000000000004,0.4497941191225653
55.91326509967983,56.13557820543054,19.300000000000004,19.400000000000002,0.4498160360916087
56.13557820543054,56.35788062445863,19.400000000000002,19.500000000000004,0.44983766005427805
56.35788062445863,56.58017249998572,19.500000000000004,19.6,0.44985899625382714
56.58017249998572,56.8024539726756,19.6,19.700000000000003,0.44988004978498
56.8024539726756,57.02472518066689,19.700000000000003,19.800000000000004,0.4499008256792289
57.02472518066689,57.246986259649375,19.800000000000004,19.900000000000002,0.4499213288165429
57.246986259649375,57.46923734290776,19.900000000000002,20.000000000000004,0.4499415639911336
57.46923734290776,57.69147856138028,20.000000000000004,20.1,0.44996153588117327
57.69147856138028,57.913710043711525,20.1,20.200000000000003,0.4499812490605943
57.913710043711525,58.135931916290794,20.200000000000003,20.300000000000004,0.45000070802810144
58.135931916290794,58.3581443033262,20.300000000000004,20.400000000000002,0.4500199171347939
58.3581443033262,58.580347326864455,20.400000000000002,20.500000000000004,0.45003888069409936
58.580347326864455,58.80254110685463,20.500000000000004,20.6,0.45005760289247654
58.80254110685463,59.02472576118827,20.6,20.700000000000003,0.4500760878374561
59.02472576118827,59.24690140575246,20.700000000000003,20.800000000000004,0.45009433953103917
59.24690140575246,59.469068154453154,20.800000000000004,20.900000000000002,0.45011236193008886
59.469068154453154,59.69122611927009,20.900000000000002,21.000000000000004,0.45013015888223373
59.69122611927009,59.91337541030876,21.000000000000004,21.1,0.4501477341315992
59.91337541030876,60.13551613581737,21.1,21.200000000000003,0.4501650913898985
60.13551613581737,60.3576484022381,21.200000000000003,21.300000000000004,0.4501822342666625
60.3576484022381,60.57977231424037,21.300000000000004,21.400000000000002,0.4501991663057596
60.57977231424037,60.80188797477315,21.400000000000002,21.500000000000004,0.45021589094679665
60.80188797477315,61.02399548506946,21.500000000000004,21.6,0.45023241162169136
61.02399548506946,61.24609494471878,21.6,21.700000000000003,0.450248731617345
61.24609494471878,61.468186451673766,21.700000000000003,21.800000000000004,0.45026485420835266
61.468186451673766,61.69027010228589,21.800000000000004,21.900000000000002,0.4502807825986681
61.69027010228589,61.91234599136215,21.900000000000002,22.000000000000004,0.45029651987867364
61.91234599136215,62.134414212165055,22.000000000000004,22.1,0.4503120691400186
62.134414212165055,62.35647485646178,22.1,22.200000000000003,0.45032743337616327
62.35647485646178,62.57852801455519,22.200000000000003,22.300000000000004,0.4503426155188265
62.57852801455519,62.800573775299675,22.300000000000004,22.400000000000002,0.4503576184688826
62.800573775299675,63.022612226148354,22.400000000000002,22.500000000000004,0.4503724450327404
63.022612226148354,63.24464345316708,22.500000000000004,22.6,0.45038709798943893
63.24464345316708,63.46666754106121,22.6,22.700000000000003,0.45040158006496867
63.46666754106121,63.68868457322315,22.700000000000003,22.800000000000004,0.45041589388990083
63.68868457322315,63.910694631727814,22.800000000000004,22.900000000000002,0.4504300421050362
63.910694631727814,64.13269779737904,22.900000000000002,23.000000000000004,0.45044402725817784
64.13269779737904,64.35469414972692,23.000000000000004,23.1,0.45045785186276194
64.35469414972692,64.57668376709586,23.1,23.200000000000003,0.45047151837649857
64.57668376709586,64.79866672660404,23.200000000000003,23.300000000000004,0.4504850292182702
64.79866672660404,65.020643104194,23.300000000000004,23.400000000000002,0.4504983867460125
65.020643104194,65.24261297464611,23.400000000000002,23.500000000000004,0.450511593291103
65.24261297464611,65.46457641160205,23.500000000000004,23.6,0.4505246511381304
65.46457641160205,65.68653348759639,23.6,23.700000000000003,0.4505375625084902
65.68653348759639,65.90848427406155,23.700000000000003,23.800000000000004,0.45055032961417196
65.90848427406155,66.13042884136527,23.800000000000004,23.900000000000002,0.4505629545919528
66.13042884136527,66.35236725882453,23.900000000000002,24.000000000000004,0.45057543955119694
66.35236725882453,66.5742995947094,24.000000000000004,24.1,0.45058778659398635
66.5742995947094,66.7962259162942,24.1,24.200000000000003,0.4505999977194645
66.7962259162942,67.01814628984488,24.200000000000003,24.300000000000004,0.4506120749529433
67.01814628984488,67.24006078066343,24.300000000000004,24.400000000000002,0.450624020230226
67.24006078066343,67.46196945308179,24.400000000000002,24.500000000000004,0.45063583550025016
67.46196945308179,67.68387237049804,24.500000000000004,24.6,0.4506475226390034
67.68387237049804,67.90576959538907,24.6,24.700000000000003,0.4506590834973548
67.90576959538907,68.12766118932416,24.700000000000003,24.800000000000004,0.4506705198992681
68.12766118932416,68.34954721297308,24.800000000000004,24.900000000000002,0.45068183365268183
68.34954721297308,68.57142772614178,24.900000000000002,25.000000000000004,0.45069302649381326
