stent_count,start_node,start_degrees,iop
1,50,15.0,14.988483849579385
1,72,21.599999999999998,14.968668116246315
1,94,28.200000000000003,14.992331828669016
1,116,34.8,14.965846244400408
1,138,41.4,14.992865875854413
1,161,48.3,14.967746396139626
1,183,54.9,14.988872046959266
1,205,61.5,14.979012765203716
1,227,68.10000000000001,14.981945159130813
1,250,75.0,14.988483849586318
2,50,15.0,13.045938566069964
2,72,21.599999999999998,13.046845843340154
2,94,28.200000000000003,13.045245259858536
2,116,34.8,13.045578306703675
2,138,41.4,13.045734172253685
2,161,48.3,13.044358138785817
2,183,54.9,13.048009420567316
2,205,61.5,13.046594039457066
2,227,68.10000000000001,13.049003486699043
2,250,75.0,13.045938566074064
3,50,15.0,12.077443519127591
3,72,21.599999999999998,12.071816520768698
3,94,28.200000000000003,12.077868252394596
3,116,34.8,12.070946049976062
3,138,41.4,12.077767927207862
3,161,48.3,12.071467128723677
3,183,54.9,12.077471501223666
3,205,61.5,12.07534315458664
3,227,68.10000000000001,12.076178671316306
3,250,75.0,12.077443519130844
4,50,15.0,11.662678419792746
4,72,21.599999999999998,11.66173251337743
4,94,28.200000000000003,11.661817667046098
4,116,34.8,11.661517126497044
4,138,41.4,11.661450701469702
4,161,48.3,11.661557533339455
4,183,54.9,11.662567046999063
4,205,61.5,11.663139567836916
4,227,68.10000000000001,11.663279627478104
4,250,75.0,11.662678419776249
