1.516202497391102355e+01,1.516202497391102355e+01
1.506655245547225874e+01,1.506655245547225874e+01
1.506024977429177270e+01,1.506024977429177270e+01
1.496696497118993463e+01,1.496696497118993463e+01
1.496807715666561123e+01,1.496807715666561123e+01
1.539542545101093296e+01,1.539542545101093296e+01
1.530144803401293174e+01,1.530144803401293174e+01
1.529082819394037962e+01,1.529082819394037962e+01
1.519613347208238352e+01,1.519613347208238352e+01
1.516202497387586590e+01,1.516202497387586590e+01
